id_pekerja;nama;fungsi;bagian;gender
ID0001;Employee_0001;Energy Processing Unit Alpha;Energy Processing Unit Alpha;Male
ID0002;Employee_0002;Operations & Process Management;Operation & Manufacturing;Male
ID0003;Employee_0003;Operations & Process Management;Operation & Manufacturing;Male
ID0004;Employee_0004;Operations & Process Management;Operation & Manufacturing;Male
ID0005;Employee_0005;Operations & Process Management;Operation & Manufacturing;Male
ID0006;Employee_0006;Operations & Process Management;Operation & Manufacturing;Male
ID0007;Employee_0007;Processing Line A;Production I;Male
ID0008;Employee_0008;Processing Line A;Fuel Oil Complex I ;Male
ID0009;Employee_0009;Processing Line A;Fuel Oil Complex I ;Male
ID0010;Employee_0010;Processing Line A;Fuel Oil Complex I ;Male
ID0011;Employee_0011;Processing Line A;Fuel Oil Complex I ;Male
ID0012;Employee_0012;Processing Line A;Fuel Oil Complex I ;Male
ID0013;Employee_0013;Processing Line A;Fuel Oil Complex I ;Male
ID0014;Employee_0014;Processing Line A;Fuel Oil Complex I ;Male
ID0015;Employee_0015;Processing Line A;Fuel Oil Complex I ;Male
ID0016;Employee_0016;Processing Line A;Fuel Oil Complex I ;Male
ID0017;Employee_0017;Processing Line A;Fuel Oil Complex I ;Male
ID0018;Employee_0018;Processing Line A;Fuel Oil Complex I ;Male
ID0019;Employee_0019;Processing Line A;Fuel Oil Complex I ;Male
ID0020;Employee_0020;Processing Line A;Fuel Oil Complex I ;Male
ID0021;Employee_0021;Processing Line A;Fuel Oil Complex I ;Male
ID0022;Employee_0022;Processing Line A;Fuel Oil Complex I ;Male
ID0023;Employee_0023;Processing Line A;Fuel Oil Complex I ;Male
ID0024;Employee_0024;Processing Line A;Fuel Oil Complex I ;Male
ID0025;Employee_0025;Processing Line A;Fuel Oil Complex I ;Male
ID0026;Employee_0026;Processing Line A;Fuel Oil Complex I ;Male
ID0027;Employee_0027;Processing Line A;Fuel Oil Complex I ;Male
ID0028;Employee_0028;Processing Line A;Fuel Oil Complex I ;Male
ID0029;Employee_0029;Processing Line A;Fuel Oil Complex I ;Male
ID0030;Employee_0030;Processing Line A;Fuel Oil Complex I ;Male
ID0031;Employee_0031;Processing Line A;Fuel Oil Complex I ;Male
ID0032;Employee_0032;Processing Line A;Fuel Oil Complex I ;Male
ID0033;Employee_0033;Processing Line A;Fuel Oil Complex I ;Male
ID0034;Employee_0034;Processing Line A;Fuel Oil Complex I ;Male
ID0035;Employee_0035;Processing Line A;Fuel Oil Complex I ;Male
ID0036;Employee_0036;Processing Line A;Fuel Oil Complex I ;Male
ID0037;Employee_0037;Processing Line A;Fuel Oil Complex I ;Male
ID0038;Employee_0038;Processing Line A;Fuel Oil Complex I ;Male
ID0039;Employee_0039;Processing Line A;Fuel Oil Complex I ;Male
ID0040;Employee_0040;Processing Line A;Fuel Oil Complex I ;Male
ID0041;Employee_0041;Processing Line A;Fuel Oil Complex I ;Male
ID0042;Employee_0042;Processing Line A;Fuel Oil Complex I ;Male
ID0043;Employee_0043;Processing Line A;Fuel Oil Complex I ;Male
ID0044;Employee_0044;Processing Line A;Fuel Oil Complex I ;Male
ID0045;Employee_0045;Processing Line A;Fuel Oil Complex I ;Male
ID0046;Employee_0046;Processing Line A;Fuel Oil Complex I ;Male
ID0047;Employee_0047;Processing Line A;Fuel Oil Complex I ;Male
ID0048;Employee_0048;Processing Line A;Fuel Oil Complex I ;Male
ID0049;Employee_0049;Processing Line A;Fuel Oil Complex I ;Male
ID0050;Employee_0050;Processing Line A;Fuel Oil Complex I ;Male
ID0051;Employee_0051;Processing Line A;Fuel Oil Complex I ;Female
ID0052;Employee_0052;Processing Line A;Fuel Oil Complex I ;Male
ID0053;Employee_0053;Processing Line A;Fuel Oil Complex I ;Male
ID0054;Employee_0054;Processing Line A;Fuel Oil Complex I ;Male
ID0055;Employee_0055;Processing Line A;Fuel Oil Complex I ;Male
ID0056;Employee_0056;Processing Line A;Fuel Oil Complex II;Male
ID0057;Employee_0057;Processing Line A;Fuel Oil Complex II;Male
ID0058;Employee_0058;Processing Line A;Fuel Oil Complex II;Male
ID0059;Employee_0059;Processing Line A;Fuel Oil Complex II;Female
ID0060;Employee_0060;Processing Line A;Fuel Oil Complex II;Male
ID0061;Employee_0061;Processing Line A;Fuel Oil Complex II;Male
ID0062;Employee_0062;Processing Line A;Fuel Oil Complex II;Female
ID0063;Employee_0063;Processing Line A;Fuel Oil Complex II;Female
ID0064;Employee_0064;Processing Line A;Fuel Oil Complex II;Female
ID0065;Employee_0065;Processing Line A;Fuel Oil Complex II;Male
ID0066;Employee_0066;Processing Line A;Fuel Oil Complex II;Male
ID0067;Employee_0067;Processing Line A;Fuel Oil Complex II;Male
ID0068;Employee_0068;Processing Line A;Fuel Oil Complex II;Male
ID0069;Employee_0069;Processing Line A;Fuel Oil Complex II;Female
ID0070;Employee_0070;Processing Line A;Fuel Oil Complex II;Female
ID0071;Employee_0071;Processing Line A;Fuel Oil Complex II;Female
ID0072;Employee_0072;Processing Line A;Fuel Oil Complex II;Female
ID0073;Employee_0073;Processing Line A;Fuel Oil Complex II;Female
ID0074;Employee_0074;Processing Line A;Fuel Oil Complex II;Male
ID0075;Employee_0075;Processing Line A;Fuel Oil Complex II;Female
ID0076;Employee_0076;Processing Line A;Fuel Oil Complex II;Male
ID0077;Employee_0077;Processing Line A;Fuel Oil Complex II;Male
ID0078;Employee_0078;Processing Line A;Fuel Oil Complex II;Male
ID0079;Employee_0079;Processing Line A;Fuel Oil Complex II;Male
ID0080;Employee_0080;Processing Line A;Fuel Oil Complex II;Male
ID0081;Employee_0081;Processing Line A;Fuel Oil Complex II;Male
ID0082;Employee_0082;Processing Line A;Fuel Oil Complex II;Male
ID0083;Employee_0083;Processing Line A;Fuel Oil Complex II;Male
ID0084;Employee_0084;Processing Line A;Fuel Oil Complex II;Male
ID0085;Employee_0085;Processing Line A;Fuel Oil Complex II;Male
ID0086;Employee_0086;Processing Line A;Fuel Oil Complex II;Male
ID0087;Employee_0087;Processing Line A;Fuel Oil Complex II;Male
ID0088;Employee_0088;Processing Line A;Fuel Oil Complex II;Male
ID0089;Employee_0089;Processing Line A;Fuel Oil Complex II;Female
ID0090;Employee_0090;Processing Line A;Fuel Oil Complex II;Female
ID0091;Employee_0091;Processing Line A;Fuel Oil Complex II;Male
ID0092;Employee_0092;Processing Line A;Fuel Oil Complex II;Male
ID0093;Employee_0093;Processing Line A;Fuel Oil Complex II;Male
ID0094;Employee_0094;Processing Line A;Fuel Oil Complex II;Male
ID0095;Employee_0095;Processing Line A;Fuel Oil Complex II;Male
ID0096;Employee_0096;Processing Line A;Fuel Oil Complex II;Male
ID0097;Employee_0097;Processing Line A;Fuel Oil Complex II;Male
ID0098;Employee_0098;Processing Line A;Fuel Oil Complex II;Male
ID0099;Employee_0099;Processing Line A;Fuel Oil Complex II;Male
ID0100;Employee_0100;Processing Line A;Fuel Oil Complex II;Male
ID0101;Employee_0101;Processing Line A;Fuel Oil Complex II;Male
ID0102;Employee_0102;Processing Line A;Fuel Oil Complex II;Male
ID0103;Employee_0103;Processing Line A;Fuel Oil Complex II;Male
ID0104;Employee_0104;Processing Line A;Fuel Oil Complex II;Male
ID0105;Employee_0105;Processing Line A;Fuel Oil Complex II;Male
ID0106;Employee_0106;Processing Line A;Fuel Oil Complex II;Female
ID0107;Employee_0107;Processing Line A;Fuel Oil Complex II;Female
ID0108;Employee_0108;Processing Line A;Fuel Oil Complex II;Female
ID0109;Employee_0109;Processing Line A;Fuel Oil Complex II;Female
ID0110;Employee_0110;Processing Line A;Fuel Oil Complex II;Male
ID0111;Employee_0111;Processing Line A;Fuel Oil Complex II;Female
ID0112;Employee_0112;Processing Line A;Fuel Oil Complex II;Female
ID0113;Employee_0113;Processing Line A;Fuel Oil Complex II;Female
ID0114;Employee_0114;Processing Line A;Fuel Oil Complex II;Female
ID0115;Employee_0115;Processing Line A;Fuel Oil Complex II;Male
ID0116;Employee_0116;Processing Line A;Fuel Oil Complex II;Female
ID0117;Employee_0117;Processing Line A;Fuel Oil Complex II;Male
ID0118;Employee_0118;Processing Line A;Fuel Oil Complex II;Male
ID0119;Employee_0119;Processing Line A;Fuel Oil Complex II;Male
ID0120;Employee_0120;Processing Line A;Fuel Oil Complex II;Female
ID0121;Employee_0121;Processing Line A;Fuel Oil Complex II;Male
ID0122;Employee_0122;Processing Line A;Fuel Oil Complex II;Male
ID0123;Employee_0123;Processing Line A;Fuel Oil Complex II;Male
ID0124;Employee_0124;Processing Line A;Fuel Oil Complex II;Male
ID0125;Employee_0125;Processing Line A;Fuel Oil Complex II;Male
ID0126;Employee_0126;Processing Line A;Fuel Oil Complex II;Male
ID0127;Employee_0127;Processing Line A;Fuel Oil Complex II;Male
ID0128;Employee_0128;Processing Line A;Fuel Oil Complex II;Male
ID0129;Employee_0129;Processing Line A;Fuel Oil Complex II;Female
ID0130;Employee_0130;Processing Line A;Fuel Oil Complex II;Female
ID0131;Employee_0131;Processing Line A;Fuel Oil Complex II;Male
ID0132;Employee_0132;Processing Line A;Fuel Oil Complex II;Male
ID0133;Employee_0133;Processing Line A;Fuel Oil Complex II;Male
ID0134;Employee_0134;Processing Line A;Fuel Oil Complex II;Male
ID0135;Employee_0135;Processing Line A;Fuel Oil Complex II;Male
ID0136;Employee_0136;Processing Line A;Oil Movement 60 & NBM;Male
ID0137;Employee_0137;Processing Line A;Oil Movement 60 & NBM;Male
ID0138;Employee_0138;Processing Line A;Oil Movement 60 & NBM;Male
ID0139;Employee_0139;Processing Line A;Oil Movement 60 & NBM;Male
ID0140;Employee_0140;Processing Line A;Oil Movement 60 & NBM;Male
ID0141;Employee_0141;Processing Line A;Oil Movement 60 & NBM;Female
ID0142;Employee_0142;Processing Line A;Oil Movement 60 & NBM;Male
ID0143;Employee_0143;Processing Line A;Oil Movement 60 & NBM;Male
ID0144;Employee_0144;Processing Line A;Oil Movement 60 & NBM;Male
ID0145;Employee_0145;Processing Line A;Oil Movement 60 & NBM;Male
ID0146;Employee_0146;Processing Line A;Oil Movement 60 & NBM;Male
ID0147;Employee_0147;Processing Line A;Oil Movement 60 & NBM;Male
ID0148;Employee_0148;Processing Line A;Oil Movement 60 & NBM;Male
ID0149;Employee_0149;Processing Line A;Oil Movement 60 & NBM;Male
ID0150;Employee_0150;Processing Line A;Oil Movement 60 & NBM;Male
ID0151;Employee_0151;Processing Line A;Oil Movement 60 & NBM;Male
ID0152;Employee_0152;Processing Line A;Oil Movement 60 & NBM;Male
ID0153;Employee_0153;Processing Line A;Oil Movement 60 & NBM;Male
ID0154;Employee_0154;Processing Line A;Oil Movement 60 & NBM;Male
ID0155;Employee_0155;Processing Line A;Oil Movement 60 & NBM;Male
ID0156;Employee_0156;Processing Line A;Oil Movement 60 & NBM;Male
ID0157;Employee_0157;Processing Line A;Oil Movement 60 & NBM;Male
ID0158;Employee_0158;Processing Line A;Oil Movement 60 & NBM;Male
ID0159;Employee_0159;Processing Line A;Oil Movement 60 & NBM;Male
ID0160;Employee_0160;Processing Line A;Oil Movement 60 & NBM;Male
ID0161;Employee_0161;Processing Line A;Oil Movement 60 & NBM;Male
ID0162;Employee_0162;Processing Line A;Oil Movement 60 & NBM;Male
ID0163;Employee_0163;Processing Line A;Oil Movement 60 & NBM;Male
ID0164;Employee_0164;Processing Line A;Oil Movement 60 & NBM;Male
ID0165;Employee_0165;Processing Line A;Oil Movement 60 & NBM;Male
ID0166;Employee_0166;Processing Line A;Oil Movement 60 & NBM;Male
ID0167;Employee_0167;Processing Line A;Oil Movement 60 & NBM;Male
ID0168;Employee_0168;Processing Line A;Oil Movement 60 & NBM;Male
ID0169;Employee_0169;Processing Line A;Oil Movement 60 & NBM;Male
ID0170;Employee_0170;Processing Line A;Oil Movement 60 & NBM;Male
ID0171;Employee_0171;Processing Line A;Oil Movement 60 & NBM;Male
ID0172;Employee_0172;Processing Line A;Oil Movement 60 & NBM;Male
ID0173;Employee_0173;Processing Line A;Oil Movement 60 & NBM;Male
ID0174;Employee_0174;Processing Line A;Oil Movement 60 & NBM;Male
ID0175;Employee_0175;Processing Line A;Oil Movement 60 & NBM;Male
ID0176;Employee_0176;Processing Line A;Oil Movement 60 & NBM;Male
ID0177;Employee_0177;Processing Line A;Oil Movement 60 & NBM;Male
ID0178;Employee_0178;Processing Line A;Oil Movement 60 & NBM;Male
ID0179;Employee_0179;Processing Line A;Oil Movement 60 & NBM;Male
ID0180;Employee_0180;Processing Line A;Oil Movement 60 & NBM;Male
ID0181;Employee_0181;Processing Line A;Oil Movement 60 & NBM;Male
ID0182;Employee_0182;Processing Line A;Oil Movement 60 & NBM;Male
ID0183;Employee_0183;Processing Line A;Oil Movement 60 & NBM;Male
ID0184;Employee_0184;Processing Line A;Oil Movement 60 & NBM;Male
ID0185;Employee_0185;Processing Line A;Oil Movement 60 & NBM;Male
ID0186;Employee_0186;Processing Line A;Oil Movement 60 & NBM;Male
ID0187;Employee_0187;Processing Line A;Oil Movement 60 & NBM;Male
ID0188;Employee_0188;Processing Line A;Oil Movement 60 & NBM;Male
ID0189;Employee_0189;Processing Line A;Oil Movement 60 & NBM;Male
ID0190;Employee_0190;Processing Line A;Oil Movement 60 & NBM;Male
ID0191;Employee_0191;Processing Line A;Oil Movement 60 & NBM;Male
ID0192;Employee_0192;Processing Line A;Oil Movement 60 & NBM;Male
ID0193;Employee_0193;Processing Line A;Oil Movement 60 & NBM;Male
ID0194;Employee_0194;Processing Line A;Oil Movement 60 & NBM;Male
ID0195;Employee_0195;Processing Line A;Oil Movement 60 & NBM;Male
ID0196;Employee_0196;Processing Line A;Oil Movement 60 & NBM;Male
ID0197;Employee_0197;Processing Line A;Oil Movement 60 & NBM;Male
ID0198;Employee_0198;Processing Line A;Oil Movement 60 & NBM;Male
ID0199;Employee_0199;Processing Line A;Oil Movement 60 & NBM;Male
ID0200;Employee_0200;Processing Line A;Oil Movement 60 & NBM;Male
ID0201;Employee_0201;Processing Line A;Oil Movement 60 & NBM;Male
ID0202;Employee_0202;Processing Line A;Oil Movement 60 & NBM;Male
ID0203;Employee_0203;Processing Line A;Oil Movement 60 & NBM;Male
ID0204;Employee_0204;Processing Line A;Oil Movement 60 & NBM;Male
ID0205;Employee_0205;Processing Line A;Oil Movement 60 & NBM;Male
ID0206;Employee_0206;Processing Line A;Oil Movement 60 & NBM;Male
ID0207;Employee_0207;Processing Line A;Oil Movement 60 & NBM;Male
ID0208;Employee_0208;Processing Line A;Oil Movement 60 & NBM;Male
ID0209;Employee_0209;Processing Line A;Oil Movement 60 & NBM;Male
ID0210;Employee_0210;Processing Line A;Oil Movement 60 & NBM;Female
ID0211;Employee_0211;Processing Line A;Oil Movement 60 & NBM;Male
ID0212;Employee_0212;Processing Line A;Oil Movement 60 & NBM;Male
ID0213;Employee_0213;Processing Line A;Oil Movement 60 & NBM;Male
ID0214;Employee_0214;Processing Line A;Oil Movement 60 & NBM;Male
ID0215;Employee_0215;Processing Line A;Oil Movement 60 & NBM;Male
ID0216;Employee_0216;Processing Line A;Oil Movement 60 & NBM;Male
ID0217;Employee_0217;Processing Line A;Oil Movement 60 & NBM;Male
ID0218;Employee_0218;Processing Line A;Oil Movement 60 & NBM;Male
ID0219;Employee_0219;Processing Line A;Oil Movement 60 & NBM;Male
ID0220;Employee_0220;Processing Line A;Oil Movement 60 & NBM;Male
ID0221;Employee_0221;Processing Line A;Oil Movement 60 & NBM;Male
ID0222;Employee_0222;Processing Line A;Oil Movement 60 & NBM;Male
ID0223;Employee_0223;Processing Line A;Oil Movement 60 & NBM;Male
ID0224;Employee_0224;Processing Line A;Oil Movement 60 & NBM;Male
ID0225;Employee_0225;Processing Line A;Oil Movement 60 & NBM;Male
ID0226;Employee_0226;Processing Line A;Oil Movement 60 & NBM;Male
ID0227;Employee_0227;Processing Line A;Oil Movement 70;Male
ID0228;Employee_0228;Processing Line A;Oil Movement 70;Male
ID0229;Employee_0229;Processing Line A;Oil Movement 70;Male
ID0230;Employee_0230;Processing Line A;Oil Movement 70;Male
ID0231;Employee_0231;Processing Line A;Oil Movement 70;Male
ID0232;Employee_0232;Processing Line A;Oil Movement 70;Male
ID0233;Employee_0233;Processing Line A;Oil Movement 70;Male
ID0234;Employee_0234;Processing Line A;Oil Movement 70;Male
ID0235;Employee_0235;Processing Line A;Oil Movement 70;Male
ID0236;Employee_0236;Processing Line A;Oil Movement 70;Male
ID0237;Employee_0237;Processing Line A;Oil Movement 70;Male
ID0238;Employee_0238;Processing Line A;Oil Movement 70;Male
ID0239;Employee_0239;Processing Line A;Oil Movement 70;Male
ID0240;Employee_0240;Processing Line A;Oil Movement 70;Male
ID0241;Employee_0241;Processing Line A;Oil Movement 70;Male
ID0242;Employee_0242;Processing Line A;Oil Movement 70;Male
ID0243;Employee_0243;Processing Line A;Oil Movement 70;Male
ID0244;Employee_0244;Processing Line A;Oil Movement 70;Male
ID0245;Employee_0245;Processing Line A;Oil Movement 70;Male
ID0246;Employee_0246;Processing Line A;Oil Movement 70;Male
ID0247;Employee_0247;Processing Line A;Oil Movement 70;Male
ID0248;Employee_0248;Processing Line A;Oil Movement 70;Male
ID0249;Employee_0249;Processing Line A;Oil Movement 70;Male
ID0250;Employee_0250;Processing Line A;Oil Movement 70;Male
ID0251;Employee_0251;Processing Line A;Oil Movement 70;Male
ID0252;Employee_0252;Processing Line A;Oil Movement 70;Male
ID0253;Employee_0253;Processing Line A;Oil Movement 70;Male
ID0254;Employee_0254;Processing Line A;Oil Movement 70;Male
ID0255;Employee_0255;Processing Line A;Oil Movement 70;Male
ID0256;Employee_0256;Processing Line A;Oil Movement 70;Male
ID0257;Employee_0257;Processing Line A;Oil Movement 70;Male
ID0258;Employee_0258;Processing Line A;Oil Movement 70;Male
ID0259;Employee_0259;Processing Line A;Oil Movement 70;Male
ID0260;Employee_0260;Processing Line A;Oil Movement 70;Male
ID0261;Employee_0261;Processing Line A;Oil Movement 70;Male
ID0262;Employee_0262;Processing Line A;Oil Movement 70;Male
ID0263;Employee_0263;Processing Line A;Oil Movement 70;Male
ID0264;Employee_0264;Processing Line A;Oil Movement 70;Male
ID0265;Employee_0265;Processing Line A;Oil Movement 70;Male
ID0266;Employee_0266;Processing Line A;Oil Movement 70;Male
ID0267;Employee_0267;Processing Line A;Oil Movement 70;Male
ID0268;Employee_0268;Processing Line A;Oil Movement 70;Male
ID0269;Employee_0269;Processing Line A;Oil Movement 70;Male
ID0270;Employee_0270;Processing Line A;Oil Movement 70;Male
ID0271;Employee_0271;Processing Line A;Oil Movement 70;Male
ID0272;Employee_0272;Processing Line A;Oil Movement 70;Male
ID0273;Employee_0273;Processing Line A;Oil Movement 70;Male
ID0274;Employee_0274;Processing Line A;Oil Movement 70;Male
ID0275;Employee_0275;Processing Line A;Oil Movement 70;Male
ID0276;Employee_0276;Processing Line A;Oil Movement 70;Male
ID0277;Employee_0277;Processing Line A;Oil Movement 70;Male
ID0278;Employee_0278;Processing Line B;Production II;Male
ID0279;Employee_0279;Processing Line B;SRU & IPAL;Male
ID0280;Employee_0280;Processing Line B;SRU & IPAL;Male
ID0281;Employee_0281;Processing Line B;SRU & IPAL;Male
ID0282;Employee_0282;Processing Line B;SRU & IPAL;Male
ID0283;Employee_0283;Processing Line B;SRU & IPAL;Male
ID0284;Employee_0284;Processing Line B;SRU & IPAL;Male
ID0285;Employee_0285;Processing Line B;SRU & IPAL;Male
ID0286;Employee_0286;Processing Line B;SRU & IPAL;Male
ID0287;Employee_0287;Processing Line B;SRU & IPAL;Male
ID0288;Employee_0288;Processing Line B;SRU & IPAL;Male
ID0289;Employee_0289;Processing Line B;SRU & IPAL;Male
ID0290;Employee_0290;Processing Line B;SRU & IPAL;Male
ID0291;Employee_0291;Processing Line B;SRU & IPAL;Male
ID0292;Employee_0292;Processing Line B;SRU & IPAL;Male
ID0293;Employee_0293;Processing Line B;SRU & IPAL;Male
ID0294;Employee_0294;Processing Line B;SRU & IPAL;Male
ID0295;Employee_0295;Processing Line B;SRU & IPAL;Male
ID0296;Employee_0296;Processing Line B;SRU & IPAL;Male
ID0297;Employee_0297;Processing Line B;SRU & IPAL;Male
ID0298;Employee_0298;Processing Line B;SRU & IPAL;Male
ID0299;Employee_0299;Processing Line B;SRU & IPAL;Male
ID0300;Employee_0300;Processing Line B;SRU & IPAL;Male
ID0301;Employee_0301;Processing Line B;SRU & IPAL;Male
ID0302;Employee_0302;Processing Line B;SRU & IPAL;Male
ID0303;Employee_0303;Processing Line B;SRU & IPAL;Male
ID0304;Employee_0304;Processing Line B;SRU & IPAL;Male
ID0305;Employee_0305;Processing Line B;SRU & IPAL;Male
ID0306;Employee_0306;Processing Line B;SRU & IPAL;Male
ID0307;Employee_0307;Processing Line B;SRU & IPAL;Male
ID0308;Employee_0308;Processing Line B;SRU & IPAL;Male
ID0309;Employee_0309;Processing Line B;SRU & IPAL;Male
ID0310;Employee_0310;Processing Line B;SRU & IPAL;Male
ID0311;Employee_0311;Processing Line B;SRU & IPAL;Male
ID0312;Employee_0312;Processing Line B;SRU & IPAL;Male
ID0313;Employee_0313;Processing Line B;SRU & IPAL;Male
ID0314;Employee_0314;Processing Line B;SRU & IPAL;Male
ID0315;Employee_0315;Processing Line B;SRU & IPAL;Male
ID0316;Employee_0316;Processing Line B;SRU & IPAL;Male
ID0317;Employee_0317;Processing Line B;SRU & IPAL;Male
ID0318;Employee_0318;Processing Line B;SRU & IPAL;Male
ID0319;Employee_0319;Processing Line B;SRU & IPAL;Male
ID0320;Employee_0320;Processing Line B;SRU & IPAL;Male
ID0321;Employee_0321;Processing Line B;LOC I;Male
ID0322;Employee_0322;Processing Line B;LOC I;Male
ID0323;Employee_0323;Processing Line B;LOC I;Male
ID0324;Employee_0324;Processing Line B;LOC I;Male
ID0325;Employee_0325;Processing Line B;LOC I;Male
ID0326;Employee_0326;Processing Line B;LOC I;Male
ID0327;Employee_0327;Processing Line B;LOC I;Male
ID0328;Employee_0328;Processing Line B;LOC I;Male
ID0329;Employee_0329;Processing Line B;LOC I;Male
ID0330;Employee_0330;Processing Line B;LOC I;Male
ID0331;Employee_0331;Processing Line B;LOC I;Male
ID0332;Employee_0332;Processing Line B;LOC I;Male
ID0333;Employee_0333;Processing Line B;LOC I;Male
ID0334;Employee_0334;Processing Line B;LOC I;Male
ID0335;Employee_0335;Processing Line B;LOC I;Male
ID0336;Employee_0336;Processing Line B;LOC I;Male
ID0337;Employee_0337;Processing Line B;LOC I;Male
ID0338;Employee_0338;Processing Line B;LOC I;Female
ID0339;Employee_0339;Processing Line B;LOC I;Female
ID0340;Employee_0340;Processing Line B;LOC I;Male
ID0341;Employee_0341;Processing Line B;LOC I;Male
ID0342;Employee_0342;Processing Line B;LOC I;Male
ID0343;Employee_0343;Processing Line B;LOC I;Male
ID0344;Employee_0344;Processing Line B;LOC I;Male
ID0345;Employee_0345;Processing Line B;LOC I;Male
ID0346;Employee_0346;Processing Line B;LOC I;Male
ID0347;Employee_0347;Processing Line B;LOC I;Male
ID0348;Employee_0348;Processing Line B;LOC I;Male
ID0349;Employee_0349;Processing Line B;LOC I;Male
ID0350;Employee_0350;Processing Line B;LOC I;Male
ID0351;Employee_0351;Processing Line B;LOC I;Male
ID0352;Employee_0352;Processing Line B;LOC I;Male
ID0353;Employee_0353;Processing Line B;LOC I;Male
ID0354;Employee_0354;Processing Line B;LOC I;Male
ID0355;Employee_0355;Processing Line B;LOC I;Male
ID0356;Employee_0356;Processing Line B;LOC I;Male
ID0357;Employee_0357;Processing Line B;LOC I;Male
ID0358;Employee_0358;Processing Line B;LOC I;Male
ID0359;Employee_0359;Processing Line B;LOC I;Male
ID0360;Employee_0360;Processing Line B;LOC I;Male
ID0361;Employee_0361;Processing Line B;LOC I;Male
ID0362;Employee_0362;Processing Line B;LOC I;Male
ID0363;Employee_0363;Processing Line B;LOC I;Male
ID0364;Employee_0364;Processing Line B;LOC I;Male
ID0365;Employee_0365;Processing Line B;LOC I;Female
ID0366;Employee_0366;Processing Line B;LOC I;Male
ID0367;Employee_0367;Processing Line B;LOC I;Male
ID0368;Employee_0368;Processing Line B;LOC II;Male
ID0369;Employee_0369;Processing Line B;LOC II;Male
ID0370;Employee_0370;Processing Line B;LOC II;Male
ID0371;Employee_0371;Processing Line B;LOC II;Male
ID0372;Employee_0372;Processing Line B;LOC II;Male
ID0373;Employee_0373;Processing Line B;LOC II;Male
ID0374;Employee_0374;Processing Line B;LOC II;Male
ID0375;Employee_0375;Processing Line B;LOC II;Male
ID0376;Employee_0376;Processing Line B;LOC II;Female
ID0377;Employee_0377;Processing Line B;LOC II;Male
ID0378;Employee_0378;Processing Line B;LOC II;Male
ID0379;Employee_0379;Processing Line B;LOC II;Male
ID0380;Employee_0380;Processing Line B;LOC II;Female
ID0381;Employee_0381;Processing Line B;LOC II;Male
ID0382;Employee_0382;Processing Line B;LOC II;Female
ID0383;Employee_0383;Processing Line B;LOC II;Male
ID0384;Employee_0384;Processing Line B;LOC II;Female
ID0385;Employee_0385;Processing Line B;LOC II;Male
ID0386;Employee_0386;Processing Line B;LOC II;Male
ID0387;Employee_0387;Processing Line B;LOC II;Male
ID0388;Employee_0388;Processing Line B;LOC II;Male
ID0389;Employee_0389;Processing Line B;LOC II;Male
ID0390;Employee_0390;Processing Line B;LOC II;Male
ID0391;Employee_0391;Processing Line B;LOC II;Male
ID0392;Employee_0392;Processing Line B;LOC II;Male
ID0393;Employee_0393;Processing Line B;LOC II;Male
ID0394;Employee_0394;Processing Line B;LOC II;Male
ID0395;Employee_0395;Processing Line B;LOC II;Male
ID0396;Employee_0396;Processing Line B;LOC II;Male
ID0397;Employee_0397;Processing Line B;LOC II;Male
ID0398;Employee_0398;Processing Line B;LOC II;Male
ID0399;Employee_0399;Processing Line B;LOC II;Male
ID0400;Employee_0400;Processing Line B;LOC II;Male
ID0401;Employee_0401;Processing Line B;LOC II;Male
ID0402;Employee_0402;Processing Line B;LOC II;Male
ID0403;Employee_0403;Processing Line B;LOC II;Male
ID0404;Employee_0404;Processing Line B;LOC II;Male
ID0405;Employee_0405;Processing Line B;LOC II;Male
ID0406;Employee_0406;Processing Line B;LOC II;Male
ID0407;Employee_0407;Processing Line B;LOC II;Male
ID0408;Employee_0408;Processing Line B;LOC II;Male
ID0409;Employee_0409;Processing Line B;LOC II;Male
ID0410;Employee_0410;Processing Line B;LOC II;Male
ID0411;Employee_0411;Processing Line B;LOC II;Male
ID0412;Employee_0412;Processing Line B;LOC II;Male
ID0413;Employee_0413;Processing Line B;LOC II;Male
ID0414;Employee_0414;Processing Line B;LOC II;Male
ID0415;Employee_0415;Processing Line B;LOC II;Male
ID0416;Employee_0416;Processing Line B;LOC II;Male
ID0417;Employee_0417;Processing Line B;LOC III;Male
ID0418;Employee_0418;Processing Line B;LOC III;Male
ID0419;Employee_0419;Processing Line B;LOC III;Female
ID0420;Employee_0420;Processing Line B;LOC III;Male
ID0421;Employee_0421;Processing Line B;LOC III;Male
ID0422;Employee_0422;Processing Line B;LOC III;Male
ID0423;Employee_0423;Processing Line B;LOC III;Male
ID0424;Employee_0424;Processing Line B;LOC III;Male
ID0425;Employee_0425;Processing Line B;LOC III;Male
ID0426;Employee_0426;Processing Line B;LOC III;Male
ID0427;Employee_0427;Processing Line B;LOC III;Male
ID0428;Employee_0428;Processing Line B;LOC III;Male
ID0429;Employee_0429;Processing Line B;LOC III;Male
ID0430;Employee_0430;Processing Line B;LOC III;Male
ID0431;Employee_0431;Processing Line B;LOC III;Male
ID0432;Employee_0432;Processing Line B;LOC III;Male
ID0433;Employee_0433;Processing Line B;LOC III;Male
ID0434;Employee_0434;Processing Line B;LOC III;Male
ID0435;Employee_0435;Processing Line B;LOC III;Male
ID0436;Employee_0436;Processing Line B;LOC III;Male
ID0437;Employee_0437;Processing Line B;LOC III;Male
ID0438;Employee_0438;Processing Line B;LOC III;Male
ID0439;Employee_0439;Processing Line B;LOC III;Male
ID0440;Employee_0440;Processing Line B;LOC III;Male
ID0441;Employee_0441;Processing Line B;LOC III;Male
ID0442;Employee_0442;Processing Line B;LOC III;Male
ID0443;Employee_0443;Processing Line B;LOC III;Male
ID0444;Employee_0444;Processing Line B;LOC III;Male
ID0445;Employee_0445;Processing Line B;LOC III;Male
ID0446;Employee_0446;Processing Line B;LOC III;Male
ID0447;Employee_0447;Processing Line B;LOC III;Male
ID0448;Employee_0448;Processing Line B;LOC III;Male
ID0449;Employee_0449;Processing Line B;LOC III;Male
ID0450;Employee_0450;Processing Line B;LOC III;Male
ID0451;Employee_0451;Processing Line B;LOC III;Male
ID0452;Employee_0452;Processing Line B;LOC III;Male
ID0453;Employee_0453;Processing Line B;LOC III;Male
ID0454;Employee_0454;Processing Line B;LOC III;Male
ID0455;Employee_0455;Processing Line B;LOC III;Male
ID0456;Employee_0456;Processing Line B;LOC III;Male
ID0457;Employee_0457;Processing Line B;LOC III;Male
ID0458;Employee_0458;Processing Line B;LOC III;Male
ID0459;Employee_0459;Processing Line B;LOC III;Male
ID0460;Employee_0460;Processing Line B;LOC III;Male
ID0461;Employee_0461;Processing Line B;LOC III;Male
ID0462;Employee_0462;Processing Line B;LOC III;Male
ID0463;Employee_0463;Processing Line B;LOC III;Male
ID0464;Employee_0464;Processing Line B;Paraxylene;Male
ID0465;Employee_0465;Processing Line B;Paraxylene;Male
ID0466;Employee_0466;Processing Line B;Paraxylene;Male
ID0467;Employee_0467;Processing Line B;Paraxylene;Male
ID0468;Employee_0468;Processing Line B;Paraxylene;Male
ID0469;Employee_0469;Processing Line B;Paraxylene;Male
ID0470;Employee_0470;Processing Line B;Paraxylene;Male
ID0471;Employee_0471;Processing Line B;Paraxylene;Male
ID0472;Employee_0472;Processing Line B;Paraxylene;Male
ID0473;Employee_0473;Processing Line B;Paraxylene;Male
ID0474;Employee_0474;Processing Line B;Paraxylene;Male
ID0475;Employee_0475;Processing Line B;Paraxylene;Male
ID0476;Employee_0476;Processing Line B;Paraxylene;Male
ID0477;Employee_0477;Processing Line B;Paraxylene;Male
ID0478;Employee_0478;Processing Line B;Paraxylene;Male
ID0479;Employee_0479;Processing Line B;Paraxylene;Male
ID0480;Employee_0480;Processing Line B;Paraxylene;Male
ID0481;Employee_0481;Processing Line B;Paraxylene;Male
ID0482;Employee_0482;Processing Line B;Paraxylene;Male
ID0483;Employee_0483;Processing Line B;Paraxylene;Male
ID0484;Employee_0484;Processing Line B;Paraxylene;Male
ID0485;Employee_0485;Processing Line B;Paraxylene;Male
ID0486;Employee_0486;Processing Line B;Paraxylene;Female
ID0487;Employee_0487;Processing Line B;Paraxylene;Female
ID0488;Employee_0488;Processing Line B;Paraxylene;Female
ID0489;Employee_0489;Processing Line B;Paraxylene;Male
ID0490;Employee_0490;Processing Line B;Paraxylene;Male
ID0491;Employee_0491;Processing Line B;Paraxylene;Male
ID0492;Employee_0492;Processing Line B;Paraxylene;Male
ID0493;Employee_0493;Processing Line B;Paraxylene;Male
ID0494;Employee_0494;Processing Line B;Paraxylene;Male
ID0495;Employee_0495;Processing Line B;Paraxylene;Male
ID0496;Employee_0496;Processing Line B;Paraxylene;Male
ID0497;Employee_0497;Processing Line B;Paraxylene;Male
ID0498;Employee_0498;Processing Line B;Paraxylene;Male
ID0499;Employee_0499;Processing Line B;Paraxylene;Male
ID0500;Employee_0500;Processing Line B;Paraxylene;Male
ID0501;Employee_0501;Processing Line B;Paraxylene;Male
ID0502;Employee_0502;Processing Line B;Paraxylene;Male
ID0503;Employee_0503;Processing Line B;Paraxylene;Male
ID0504;Employee_0504;Processing Line B;Paraxylene;Male
ID0505;Employee_0505;Processing Line B;Paraxylene;Male
ID0506;Employee_0506;Processing Line B;Paraxylene;Male
ID0507;Employee_0507;Processing Line B;Paraxylene;Male
ID0508;Employee_0508;Processing Line B;Paraxylene;Male
ID0509;Employee_0509;Processing Line B;Paraxylene;Male
ID0510;Employee_0510;Processing Line B;Paraxylene;Male
ID0511;Employee_0511;Processing Line B;Paraxylene;Male
ID0512;Employee_0512;Processing Line B;Paraxylene;Male
ID0513;Employee_0513;Processing Line B;Paraxylene;Male
ID0514;Employee_0514;Processing Line B;Paraxylene;Male
ID0515;Employee_0515;Processing Line B;Paraxylene;Male
ID0516;Employee_0516;Processing Line B;Paraxylene;Male
ID0517;Employee_0517;Processing Line B;Paraxylene;Male
ID0518;Employee_0518;Processing Line B;Paraxylene;Male
ID0519;Employee_0519;Processing Line B;Paraxylene;Male
ID0520;Employee_0520;Processing Line B;Paraxylene;Male
ID0521;Employee_0521;Processing Line B;Paraxylene;Male
ID0522;Employee_0522;Processing Line B;Paraxylene;Male
ID0523;Employee_0523;Processing Line B;Paraxylene;Male
ID0524;Employee_0524;Processing Line B;Paraxylene;Male
ID0525;Employee_0525;Processing Line B;Paraxylene;Male
ID0526;Employee_0526;Processing Line B;Paraxylene;Male
ID0527;Employee_0527;Processing Line B;Paraxylene;Male
ID0528;Employee_0528;Processing Line B;Paraxylene;Male
ID0529;Employee_0529;Processing Line B;Paraxylene;Male
ID0530;Employee_0530;Processing Line C;Production III;Male
ID0531;Employee_0531;Processing Line C;RFCC;Male
ID0532;Employee_0532;Processing Line C;RFCC;Male
ID0533;Employee_0533;Processing Line C;RFCC;Male
ID0534;Employee_0534;Processing Line C;RFCC;Male
ID0535;Employee_0535;Processing Line C;RFCC;Female
ID0536;Employee_0536;Processing Line C;RFCC;Male
ID0537;Employee_0537;Processing Line C;RFCC;Male
ID0538;Employee_0538;Processing Line C;RFCC;Male
ID0539;Employee_0539;Processing Line C;RFCC;Male
ID0540;Employee_0540;Processing Line C;RFCC;Male
ID0541;Employee_0541;Processing Line C;RFCC;Male
ID0542;Employee_0542;Processing Line C;RFCC;Male
ID0543;Employee_0543;Processing Line C;RFCC;Male
ID0544;Employee_0544;Processing Line C;RFCC;Male
ID0545;Employee_0545;Processing Line C;RFCC;Male
ID0546;Employee_0546;Processing Line C;RFCC;Male
ID0547;Employee_0547;Processing Line C;RFCC;Male
ID0548;Employee_0548;Processing Line C;RFCC;Male
ID0549;Employee_0549;Processing Line C;RFCC;Male
ID0550;Employee_0550;Processing Line C;RFCC;Male
ID0551;Employee_0551;Processing Line C;RFCC;Male
ID0552;Employee_0552;Processing Line C;RFCC;Male
ID0553;Employee_0553;Processing Line C;RFCC;Female
ID0554;Employee_0554;Processing Line C;RFCC;Male
ID0555;Employee_0555;Processing Line C;RFCC;Male
ID0556;Employee_0556;Processing Line C;RFCC;Male
ID0557;Employee_0557;Processing Line C;RFCC;Male
ID0558;Employee_0558;Processing Line C;RFCC;Male
ID0559;Employee_0559;Processing Line C;RFCC;Male
ID0560;Employee_0560;Processing Line C;RFCC;Male
ID0561;Employee_0561;Processing Line C;RFCC;Male
ID0562;Employee_0562;Processing Line C;RFCC;Male
ID0563;Employee_0563;Processing Line C;RFCC;Male
ID0564;Employee_0564;Processing Line C;RFCC;Male
ID0565;Employee_0565;Processing Line C;RFCC;Male
ID0566;Employee_0566;Processing Line C;RFCC;Male
ID0567;Employee_0567;Processing Line C;RFCC;Male
ID0568;Employee_0568;Processing Line C;RFCC;Male
ID0569;Employee_0569;Processing Line C;RFCC;Male
ID0570;Employee_0570;Processing Line C;RFCC;Male
ID0571;Employee_0571;Processing Line C;RFCC;Male
ID0572;Employee_0572;Processing Line C;RFCC;Male
ID0573;Employee_0573;Processing Line C;RFCC;Male
ID0574;Employee_0574;Processing Line C;RFCC;Male
ID0575;Employee_0575;Processing Line C;RFCC;Male
ID0576;Employee_0576;Processing Line C;RFCC;Male
ID0577;Employee_0577;Processing Line C;RFCC;Male
ID0578;Employee_0578;Processing Line C;RFCC;Male
ID0579;Employee_0579;Processing Line C;RFCC;Male
ID0580;Employee_0580;Processing Line C;RFCC;Male
ID0581;Employee_0581;Processing Line C;RFCC;Male
ID0582;Employee_0582;Processing Line C;RFCC;Male
ID0583;Employee_0583;Processing Line C;RFCC;Male
ID0584;Employee_0584;Processing Line C;RFCC;Male
ID0585;Employee_0585;Processing Line C;RFCC;Male
ID0586;Employee_0586;Processing Line C;RFCC;Male
ID0587;Employee_0587;Processing Line C;RFCC;Male
ID0588;Employee_0588;Processing Line C;RFCC;Male
ID0589;Employee_0589;Processing Line C;RFCC;Male
ID0590;Employee_0590;Processing Line C;RFCC;Male
ID0591;Employee_0591;Processing Line C;RFCC;Male
ID0592;Employee_0592;Processing Line C;RFCC;Male
ID0593;Employee_0593;Processing Line C;RFCC;Male
ID0594;Employee_0594;Processing Line C;RFCC;Male
ID0595;Employee_0595;Processing Line C;RFCC;Male
ID0596;Employee_0596;Processing Line C;RFCC;Female
ID0597;Employee_0597;Processing Line C;RFCC;Male
ID0598;Employee_0598;Processing Line C;RFCC;Male
ID0599;Employee_0599;Processing Line C;RFCC;Male
ID0600;Employee_0600;Processing Line C;RFCC;Male
ID0601;Employee_0601;Processing Line C;RFCC;Male
ID0602;Employee_0602;Processing Line C;RFCC;Male
ID0603;Employee_0603;Processing Line C;RFCC;Male
ID0604;Employee_0604;Processing Line C;RFCC;Female
ID0605;Employee_0605;Processing Line C;RFCC;Male
ID0606;Employee_0606;Processing Line C;RFCC;Male
ID0607;Employee_0607;Processing Line C;Utilities RFCC;Male
ID0608;Employee_0608;Processing Line C;Utilities RFCC;Male
ID0609;Employee_0609;Processing Line C;Utilities RFCC;Male
ID0610;Employee_0610;Processing Line C;Utilities RFCC;Female
ID0611;Employee_0611;Processing Line C;Utilities RFCC;Male
ID0612;Employee_0612;Processing Line C;Utilities RFCC;Male
ID0613;Employee_0613;Processing Line C;Utilities RFCC;Male
ID0614;Employee_0614;Processing Line C;Utilities RFCC;Male
ID0615;Employee_0615;Processing Line C;Utilities RFCC;Male
ID0616;Employee_0616;Processing Line C;Utilities RFCC;Male
ID0617;Employee_0617;Processing Line C;Utilities RFCC;Male
ID0618;Employee_0618;Processing Line C;Utilities RFCC;Male
ID0619;Employee_0619;Processing Line C;Utilities RFCC;Male
ID0620;Employee_0620;Processing Line C;Utilities RFCC;Male
ID0621;Employee_0621;Processing Line C;Utilities RFCC;Male
ID0622;Employee_0622;Processing Line C;Utilities RFCC;Male
ID0623;Employee_0623;Processing Line C;Utilities RFCC;Male
ID0624;Employee_0624;Processing Line C;Utilities RFCC;Male
ID0625;Employee_0625;Processing Line C;Utilities RFCC;Male
ID0626;Employee_0626;Processing Line C;Utilities RFCC;Male
ID0627;Employee_0627;Processing Line C;Utilities RFCC;Male
ID0628;Employee_0628;Processing Line C;Utilities RFCC;Male
ID0629;Employee_0629;Processing Line C;Utilities RFCC;Male
ID0630;Employee_0630;Processing Line C;Utilities RFCC;Male
ID0631;Employee_0631;Processing Line C;Utilities RFCC;Male
ID0632;Employee_0632;Processing Line C;Utilities RFCC;Male
ID0633;Employee_0633;Processing Line C;Utilities RFCC;Male
ID0634;Employee_0634;Processing Line C;Utilities RFCC;Male
ID0635;Employee_0635;Processing Line C;Utilities RFCC;Male
ID0636;Employee_0636;Processing Line C;Utilities RFCC;Male
ID0637;Employee_0637;Processing Line C;Utilities RFCC;Male
ID0638;Employee_0638;Processing Line C;Utilities RFCC;Male
ID0639;Employee_0639;Processing Line C;Utilities RFCC;Male
ID0640;Employee_0640;Processing Line C;Utilities RFCC;Male
ID0641;Employee_0641;Processing Line C;Utilities RFCC;Male
ID0642;Employee_0642;Processing Line C;Utilities RFCC;Male
ID0643;Employee_0643;Processing Line C;Utilities RFCC;Male
ID0644;Employee_0644;Processing Line C;Utilities RFCC;Male
ID0645;Employee_0645;Processing Line C;Utilities RFCC;Male
ID0646;Employee_0646;Processing Line C;Utilities RFCC;Male
ID0647;Employee_0647;Processing Line C;Utilities RFCC;Male
ID0648;Employee_0648;Processing Line C;Utilities RFCC;Male
ID0649;Employee_0649;Processing Line C;Utilities RFCC;Male
ID0650;Employee_0650;Processing Line C;GTO RFCC;Male
ID0651;Employee_0651;Processing Line C;GTO RFCC;Male
ID0652;Employee_0652;Processing Line C;GTO RFCC;Male
ID0653;Employee_0653;Processing Line C;GTO RFCC;Male
ID0654;Employee_0654;Processing Line C;GTO RFCC;Male
ID0655;Employee_0655;Processing Line C;GTO RFCC;Male
ID0656;Employee_0656;Processing Line C;GTO RFCC;Male
ID0657;Employee_0657;Processing Line C;GTO RFCC;Male
ID0658;Employee_0658;Processing Line C;GTO RFCC;Male
ID0659;Employee_0659;Processing Line C;GTO RFCC;Male
ID0660;Employee_0660;Processing Line C;GTO RFCC;Male
ID0661;Employee_0661;Processing Line C;GTO RFCC;Male
ID0662;Employee_0662;Processing Line C;GTO RFCC;Male
ID0663;Employee_0663;Processing Line C;GTO RFCC;Male
ID0664;Employee_0664;Processing Line C;GTO RFCC;Male
ID0665;Employee_0665;Processing Line C;GTO RFCC;Male
ID0666;Employee_0666;Processing Line C;GTO RFCC;Male
ID0667;Employee_0667;Processing Line C;GTO RFCC;Male
ID0668;Employee_0668;Processing Line C;GTO RFCC;Male
ID0669;Employee_0669;Processing Line C;GTO RFCC;Male
ID0670;Employee_0670;Processing Line C;GTO RFCC;Male
ID0671;Employee_0671;Processing Line C;GTO RFCC;Male
ID0672;Employee_0672;Processing Line C;GTO RFCC;Male
ID0673;Employee_0673;Processing Line C;GTO RFCC;Male
ID0674;Employee_0674;Processing Line C;GTO RFCC;Male
ID0675;Employee_0675;Processing Line C;GTO RFCC;Male
ID0676;Employee_0676;Processing Line C;GTO RFCC;Male
ID0677;Employee_0677;Processing Line C;GTO RFCC;Male
ID0678;Employee_0678;Processing Line C;GTO RFCC;Male
ID0679;Employee_0679;Processing Line C;GTO RFCC;Male
ID0680;Employee_0680;Processing Line C;GTO RFCC;Male
ID0681;Employee_0681;Processing Line C;GTO RFCC;Male
ID0682;Employee_0682;Processing Line C;GTO RFCC;Male
ID0683;Employee_0683;Processing Line C;GTO RFCC;Male
ID0684;Employee_0684;Processing Line C;GTO RFCC;Male
ID0685;Employee_0685;Processing Line C;GTO RFCC;Male
ID0686;Employee_0686;Processing Line C;GTO RFCC;Male
ID0687;Employee_0687;Processing Line C;GTO RFCC;Male
ID0688;Employee_0688;Processing Line C;GTO RFCC;Male
ID0689;Employee_0689;Processing Line C;GTO RFCC;Female
ID0690;Employee_0690;Processing Line C;GTO RFCC;Male
ID0691;Employee_0691;Processing Line C;GTO RFCC;Male
ID0692;Employee_0692;Processing Line C;GTO RFCC;Male
ID0693;Employee_0693;Processing Line C;GTO RFCC;Male
ID0694;Employee_0694;Processing Line C;GTO RFCC;Male
ID0695;Employee_0695;Processing Line C;GTO RFCC;Male
ID0696;Employee_0696;Processing Line C;GTO RFCC;Male
ID0697;Employee_0697;Processing Line C;GTO RFCC;Male
ID0698;Employee_0698;Processing Line C;GTO RFCC;Male
ID0699;Employee_0699;Processing Line C;GTO RFCC;Male
ID0700;Employee_0700;Processing Line C;GTO RFCC;Male
ID0701;Employee_0701;Processing Line C;GTO RFCC;Male
ID0702;Employee_0702;Processing Line C;GTO RFCC;Male
ID0703;Employee_0703;Processing Line C;GTO RFCC;Male
ID0704;Employee_0704;Processing Line C;GTO RFCC;Male
ID0705;Employee_0705;Processing Line C;Utilities;Male
ID0706;Employee_0706;Processing Line C;Utilities;Male
ID0707;Employee_0707;Processing Line C;Utilities;Male
ID0708;Employee_0708;Processing Line C;Utilities;Female
ID0709;Employee_0709;Processing Line C;Utilities;Male
ID0710;Employee_0710;Processing Line C;Utilities;Male
ID0711;Employee_0711;Processing Line C;Utilities;Male
ID0712;Employee_0712;Processing Line C;Utilities;Male
ID0713;Employee_0713;Processing Line C;Utilities;Male
ID0714;Employee_0714;Processing Line C;Utilities;Male
ID0715;Employee_0715;Processing Line C;Utilities;Male
ID0716;Employee_0716;Processing Line C;Utilities;Male
ID0717;Employee_0717;Processing Line C;Utilities;Male
ID0718;Employee_0718;Processing Line C;Utilities;Male
ID0719;Employee_0719;Processing Line C;Utilities;Male
ID0720;Employee_0720;Processing Line C;Utilities;Male
ID0721;Employee_0721;Processing Line C;Utilities;Male
ID0722;Employee_0722;Processing Line C;Utilities;Male
ID0723;Employee_0723;Processing Line C;Utilities;Male
ID0724;Employee_0724;Processing Line C;Utilities;Male
ID0725;Employee_0725;Processing Line C;Utilities;Male
ID0726;Employee_0726;Processing Line C;Utilities;Male
ID0727;Employee_0727;Processing Line C;Utilities;Male
ID0728;Employee_0728;Processing Line C;Utilities;Male
ID0729;Employee_0729;Processing Line C;Utilities;Male
ID0730;Employee_0730;Processing Line C;Utilities;Male
ID0731;Employee_0731;Processing Line C;Utilities;Male
ID0732;Employee_0732;Processing Line C;Utilities;Male
ID0733;Employee_0733;Processing Line C;Utilities;Male
ID0734;Employee_0734;Processing Line C;Utilities;Male
ID0735;Employee_0735;Processing Line C;Utilities;Male
ID0736;Employee_0736;Processing Line C;Utilities;Male
ID0737;Employee_0737;Processing Line C;Utilities;Male
ID0738;Employee_0738;Processing Line C;Utilities;Male
ID0739;Employee_0739;Processing Line C;Utilities;Male
ID0740;Employee_0740;Processing Line C;Utilities;Male
ID0741;Employee_0741;Processing Line C;Utilities;Male
ID0742;Employee_0742;Processing Line C;Utilities;Male
ID0743;Employee_0743;Processing Line C;Utilities;Male
ID0744;Employee_0744;Processing Line C;Utilities;Male
ID0745;Employee_0745;Processing Line C;Utilities;Male
ID0746;Employee_0746;Processing Line C;Utilities;Male
ID0747;Employee_0747;Processing Line C;Utilities;Female
ID0748;Employee_0748;Processing Line C;Utilities;Male
ID0749;Employee_0749;Processing Line C;Utilities;Male
ID0750;Employee_0750;Processing Line C;Utilities;Male
ID0751;Employee_0751;Processing Line C;Utilities;Male
ID0752;Employee_0752;Processing Line C;Utilities;Male
ID0753;Employee_0753;Processing Line C;Utilities;Male
ID0754;Employee_0754;Processing Line C;Utilities;Male
ID0755;Employee_0755;Processing Line C;Utilities;Male
ID0756;Employee_0756;Processing Line C;Utilities;Male
ID0757;Employee_0757;Processing Line C;Utilities;Male
ID0758;Employee_0758;Processing Line C;Utilities;Male
ID0759;Employee_0759;Processing Line C;Utilities;Male
ID0760;Employee_0760;Processing Line C;Utilities;Male
ID0761;Employee_0761;Processing Line C;Utilities;Male
ID0762;Employee_0762;Processing Line C;Utilities;Male
ID0763;Employee_0763;Processing Line C;Utilities;Male
ID0764;Employee_0764;Processing Line C;Utilities;Male
ID0765;Employee_0765;Processing Line C;Utilities;Male
ID0766;Employee_0766;Processing Line C;Utilities;Male
ID0767;Employee_0767;Processing Line C;Utilities;Male
ID0768;Employee_0768;Processing Line C;Utilities;Male
ID0769;Employee_0769;Processing Line C;Utilities;Male
ID0770;Employee_0770;Processing Line C;Utilities;Male
ID0771;Employee_0771;Processing Line C;Utilities;Male
ID0772;Employee_0772;Processing Line C;Utilities;Male
ID0773;Employee_0773;Processing Line C;Utilities;Male
ID0774;Employee_0774;Processing Line C;Utilities;Male
ID0775;Employee_0775;Processing Line C;Utilities;Male
ID0776;Employee_0776;Processing Line C;Utilities;Male
ID0777;Employee_0777;Processing Line C;Utilities;Male
ID0778;Employee_0778;Processing Line C;Utilities;Male
ID0779;Employee_0779;Processing Line C;Utilities;Male
ID0780;Employee_0780;Processing Line C;Utilities;Male
ID0781;Employee_0781;Processing Line C;Utilities;Male
ID0782;Employee_0782;Processing Line C;Utilities;Male
ID0783;Employee_0783;Processing Line C;Utilities;Male
ID0784;Employee_0784;Processing Line C;Utilities;Male
ID0785;Employee_0785;Processing Line C;Utilities;Male
ID0786;Employee_0786;Processing Line C;Utilities;Male
ID0787;Employee_0787;Processing Line C;Utilities;Male
ID0788;Employee_0788;Processing Line C;Utilities;Male
ID0789;Employee_0789;Processing Line C;Utilities;Male
ID0790;Employee_0790;Processing Line C;Utilities;Male
ID0791;Employee_0791;Processing Line C;Utilities;Male
ID0792;Employee_0792;Processing Line C;Utilities;Male
ID0793;Employee_0793;Processing Line C;Utilities;Male
ID0794;Employee_0794;Processing Line C;Utilities;Male
ID0795;Employee_0795;Processing Line C;Utilities;Male
ID0796;Employee_0796;Processing Line C;Utilities;Male
ID0797;Employee_0797;Processing Line C;Utilities;Male
ID0798;Employee_0798;Processing Line C;Utilities;Male
ID0799;Employee_0799;Processing Line C;Utilities;Male
ID0800;Employee_0800;Processing Line C;Utilities;Male
ID0801;Employee_0801;Processing Line C;Utilities;Male
ID0802;Employee_0802;Processing Line C;Utilities;Male
ID0803;Employee_0803;Processing Line C;Utilities;Male
ID0804;Employee_0804;Processing Line C;Utilities;Male
ID0805;Employee_0805;Processing Line C;Utilities;Male
ID0806;Employee_0806;Processing Line C;Utilities;Male
ID0807;Employee_0807;Processing Line C;Utilities;Male
ID0808;Employee_0808;Processing Line C;Utilities;Male
ID0809;Employee_0809;Processing Line C;Utilities;Male
ID0810;Employee_0810;Processing Line C;Utilities;Male
ID0811;Employee_0811;Processing Line C;Utilities;Male
ID0812;Employee_0812;Processing Line C;Utilities;Male
ID0813;Employee_0813;Processing Line C;Utilities;Male
ID0814;Employee_0814;Business Performance & Optimization;Refinery Business & Optimization;Female
ID0815;Employee_0815;Business Performance & Optimization;Refinery Planning ;Female
ID0816;Employee_0816;Business Performance & Optimization;Refinery Planning ;Male
ID0817;Employee_0817;Business Performance & Optimization;Refinery Planning ;Female
ID0818;Employee_0818;Business Performance & Optimization;Refinery Planning ;Male
ID0819;Employee_0819;Business Performance & Optimization;Refinery Planning ;Male
ID0820;Employee_0820;Business Performance & Optimization;Supply Chain & Distribution;Male
ID0821;Employee_0821;Business Performance & Optimization;Supply Chain & Distribution;Male
ID0822;Employee_0822;Business Performance & Optimization;Supply Chain & Distribution;Male
ID0823;Employee_0823;Business Performance & Optimization;Supply Chain & Distribution;Male
ID0824;Employee_0824;Business Performance & Optimization;Supply Chain & Distribution;Male
ID0825;Employee_0825;Business Performance & Optimization;Supply Chain & Distribution;Male
ID0826;Employee_0826;Business Performance & Optimization;Supply Chain & Distribution;Male
ID0827;Employee_0827;Business Performance & Optimization;Supply Chain & Distribution;Male
ID0828;Employee_0828;Business Performance & Optimization;Supply Chain & Distribution;Male
ID0829;Employee_0829;Business Performance & Optimization;Supply Chain & Distribution;Male
ID0830;Employee_0830;Business Performance & Optimization;Supply Chain & Distribution;Male
ID0831;Employee_0831;Business Performance & Optimization;Supply Chain & Distribution;Male
ID0832;Employee_0832;Business Performance & Optimization;Supply Chain & Distribution;Male
ID0833;Employee_0833;Business Performance & Optimization;Performance Business & Evaluation;Male
ID0834;Employee_0834;Business Performance & Optimization;Performance Business & Evaluation;Female
ID0835;Employee_0835;Business Performance & Optimization;Performance Business & Evaluation;Male
ID0836;Employee_0836;Business Performance & Optimization;Performance Business & Evaluation;Male
ID0837;Employee_0837;Maintenance Strategy & Planning;Maintenance Planning & Support;Male
ID0838;Employee_0838;Maintenance Strategy & Planning;Planning & Scheduling;Male
ID0839;Employee_0839;Maintenance Strategy & Planning;Planning & Scheduling;Male
ID0840;Employee_0840;Maintenance Strategy & Planning;Planning & Scheduling;Male
ID0841;Employee_0841;Maintenance Strategy & Planning;Planning & Scheduling;Male
ID0842;Employee_0842;Maintenance Strategy & Planning;Planning & Scheduling;Male
ID0843;Employee_0843;Maintenance Strategy & Planning;Planning & Scheduling;Male
ID0844;Employee_0844;Maintenance Strategy & Planning;Planning & Scheduling;Male
ID0845;Employee_0845;Maintenance Strategy & Planning;Planning & Scheduling;Male
ID0846;Employee_0846;Maintenance Strategy & Planning;Planning & Scheduling;Male
ID0847;Employee_0847;Maintenance Strategy & Planning;Planning & Scheduling;Female
ID0848;Employee_0848;Maintenance Strategy & Planning;Planning & Scheduling;Male
ID0849;Employee_0849;Maintenance Strategy & Planning;Planning & Scheduling;Male
ID0850;Employee_0850;Maintenance Strategy & Planning;Planning & Scheduling;Male
ID0851;Employee_0851;Maintenance Strategy & Planning;Planning & Scheduling;Male
ID0852;Employee_0852;Maintenance Strategy & Planning;Planning & Scheduling;Male
ID0853;Employee_0853;Maintenance Strategy & Planning;Planning & Scheduling;Male
ID0854;Employee_0854;Maintenance Strategy & Planning;Planning & Scheduling;Male
ID0855;Employee_0855;Maintenance Strategy & Planning;Planning & Scheduling;Male
ID0856;Employee_0856;Maintenance Strategy & Planning;Planning & Scheduling;Male
ID0857;Employee_0857;Maintenance Strategy & Planning;Planning & Scheduling;Male
ID0858;Employee_0858;Maintenance Strategy & Planning;Planning & Scheduling;Female
ID0859;Employee_0859;Maintenance Strategy & Planning;Planning & Scheduling;Female
ID0860;Employee_0860;Maintenance Strategy & Planning;Planning & Scheduling;Male
ID0861;Employee_0861;Maintenance Strategy & Planning;Planning & Scheduling;Male
ID0862;Employee_0862;Maintenance Strategy & Planning;Planning & Scheduling;Male
ID0863;Employee_0863;Maintenance Strategy & Planning;Planning & Scheduling;Male
ID0864;Employee_0864;Maintenance Strategy & Planning;Planning & Scheduling;Male
ID0865;Employee_0865;Maintenance Strategy & Planning;Planning & Scheduling;Male
ID0866;Employee_0866;Maintenance Strategy & Planning;Stationary &  Statutory Inspection;Male
ID0867;Employee_0867;Maintenance Strategy & Planning;Stationary &  Statutory Inspection;Male
ID0868;Employee_0868;Maintenance Strategy & Planning;Stationary &  Statutory Inspection;Male
ID0869;Employee_0869;Maintenance Strategy & Planning;Stationary &  Statutory Inspection;Male
ID0870;Employee_0870;Maintenance Strategy & Planning;Stationary &  Statutory Inspection;Male
ID0871;Employee_0871;Maintenance Strategy & Planning;Stationary &  Statutory Inspection;Male
ID0872;Employee_0872;Maintenance Strategy & Planning;Stationary &  Statutory Inspection;Male
ID0873;Employee_0873;Maintenance Strategy & Planning;Stationary &  Statutory Inspection;Female
ID0874;Employee_0874;Maintenance Strategy & Planning;Stationary &  Statutory Inspection;Male
ID0875;Employee_0875;Maintenance Strategy & Planning;Stationary &  Statutory Inspection;Female
ID0876;Employee_0876;Maintenance Strategy & Planning;Stationary &  Statutory Inspection;Male
ID0877;Employee_0877;Maintenance Strategy & Planning;Stationary &  Statutory Inspection;Male
ID0878;Employee_0878;Maintenance Strategy & Planning;Stationary &  Statutory Inspection;Male
ID0879;Employee_0879;Maintenance Strategy & Planning;Stationary &  Statutory Inspection;Male
ID0880;Employee_0880;Maintenance Strategy & Planning;Stationary &  Statutory Inspection;Male
ID0881;Employee_0881;Maintenance Strategy & Planning;Stationary &  Statutory Inspection;Male
ID0882;Employee_0882;Maintenance Strategy & Planning;Stationary &  Statutory Inspection;Male
ID0883;Employee_0883;Maintenance Strategy & Planning;Stationary &  Statutory Inspection;Male
ID0884;Employee_0884;Maintenance Strategy & Planning;Stationary &  Statutory Inspection;Female
ID0885;Employee_0885;Maintenance Strategy & Planning;Stationary &  Statutory Inspection;Female
ID0886;Employee_0886;Maintenance Strategy & Planning;Stationary &  Statutory Inspection;Male
ID0887;Employee_0887;Maintenance Strategy & Planning;Stationary &  Statutory Inspection;Male
ID0888;Employee_0888;Maintenance Strategy & Planning;Stationary &  Statutory Inspection;Male
ID0889;Employee_0889;Maintenance Strategy & Planning;Electrical & Instrument  Inspection;Male
ID0890;Employee_0890;Maintenance Strategy & Planning;Electrical & Instrument  Inspection;Male
ID0891;Employee_0891;Maintenance Strategy & Planning;Electrical & Instrument  Inspection;Male
ID0892;Employee_0892;Maintenance Strategy & Planning;Electrical & Instrument  Inspection;Male
ID0893;Employee_0893;Maintenance Strategy & Planning;Electrical & Instrument  Inspection;Male
ID0894;Employee_0894;Maintenance Strategy & Planning;Electrical & Instrument  Inspection;Male
ID0895;Employee_0895;Maintenance Strategy & Planning;Electrical & Instrument  Inspection;Male
ID0896;Employee_0896;Maintenance Strategy & Planning;Electrical & Instrument  Inspection;Male
ID0897;Employee_0897;Maintenance Strategy & Planning;Electrical & Instrument  Inspection;Male
ID0898;Employee_0898;Maintenance Strategy & Planning;Electrical & Instrument  Inspection;Male
ID0899;Employee_0899;Maintenance Strategy & Planning;Electrical & Instrument  Inspection;Male
ID0900;Employee_0900;Maintenance Strategy & Planning;Electrical & Instrument  Inspection;Male
ID0901;Employee_0901;Maintenance Strategy & Planning;Electrical & Instrument  Inspection;Male
ID0902;Employee_0902;Maintenance Strategy & Planning;Electrical & Instrument  Inspection;Male
ID0903;Employee_0903;Maintenance Strategy & Planning;Electrical & Instrument  Inspection;Male
ID0904;Employee_0904;Maintenance Strategy & Planning;Electrical & Instrument  Inspection;Male
ID0905;Employee_0905;Maintenance Strategy & Planning;Electrical & Instrument  Inspection;Male
ID0906;Employee_0906;Maintenance Strategy & Planning;Electrical & Instrument  Inspection;Male
ID0907;Employee_0907;Maintenance Strategy & Planning;Electrical & Instrument  Inspection;Male
ID0908;Employee_0908;Maintenance Strategy & Planning;Electrical & Instrument  Inspection;Male
ID0909;Employee_0909;Maintenance Strategy & Planning;Electrical & Instrument  Inspection;Male
ID0910;Employee_0910;Maintenance Strategy & Planning;Rotating Equipment  Inspection;Male
ID0911;Employee_0911;Maintenance Strategy & Planning;Rotating Equipment  Inspection;Male
ID0912;Employee_0912;Maintenance Strategy & Planning;Rotating Equipment  Inspection;Male
ID0913;Employee_0913;Maintenance Strategy & Planning;Rotating Equipment  Inspection;Male
ID0914;Employee_0914;Maintenance Strategy & Planning;Rotating Equipment  Inspection;Male
ID0915;Employee_0915;Maintenance Strategy & Planning;Rotating Equipment  Inspection;Male
ID0916;Employee_0916;Maintenance Strategy & Planning;Rotating Equipment  Inspection;Male
ID0917;Employee_0917;Maintenance Strategy & Planning;Rotating Equipment  Inspection;Male
ID0918;Employee_0918;Maintenance Strategy & Planning;Rotating Equipment  Inspection;Male
ID0919;Employee_0919;Maintenance Strategy & Planning;Rotating Equipment  Inspection;Male
ID0920;Employee_0920;Maintenance Strategy & Planning;Rotating Equipment  Inspection;Male
ID0921;Employee_0921;Maintenance Strategy & Planning;Rotating Equipment  Inspection;Male
ID0922;Employee_0922;Maintenance Strategy & Planning;Rotating Equipment  Inspection;Male
ID0923;Employee_0923;Maintenance Strategy & Planning;Rotating Equipment  Inspection;Male
ID0924;Employee_0924;Maintenance Strategy & Planning;Rotating Equipment  Inspection;Male
ID0925;Employee_0925;Maintenance Strategy & Planning;Rotating Equipment  Inspection;Male
ID0926;Employee_0926;Maintenance Strategy & Planning;Rotating Equipment  Inspection;Male
ID0927;Employee_0927;Maintenance Strategy & Planning;Rotating Equipment  Inspection;Male
ID0928;Employee_0928;Mechanical Maintenance Team;Maintenance Execution I;Male
ID0929;Employee_0929;Mechanical Maintenance Team;General Maintenance;Male
ID0930;Employee_0930;Mechanical Maintenance Team;General Maintenance;Male
ID0931;Employee_0931;Mechanical Maintenance Team;General Maintenance;Male
ID0932;Employee_0932;Mechanical Maintenance Team;General Maintenance;Male
ID0933;Employee_0933;Mechanical Maintenance Team;General Maintenance;Male
ID0934;Employee_0934;Mechanical Maintenance Team;General Maintenance;Male
ID0935;Employee_0935;Mechanical Maintenance Team;General Maintenance;Male
ID0936;Employee_0936;Mechanical Maintenance Team;Maintenance Area 1;Male
ID0937;Employee_0937;Mechanical Maintenance Team;Maintenance Area 1;Male
ID0938;Employee_0938;Mechanical Maintenance Team;Maintenance Area 1;Male
ID0939;Employee_0939;Mechanical Maintenance Team;Maintenance Area 1;Male
ID0940;Employee_0940;Mechanical Maintenance Team;Maintenance Area 1;Male
ID0941;Employee_0941;Mechanical Maintenance Team;Maintenance Area 1;Male
ID0942;Employee_0942;Mechanical Maintenance Team;Maintenance Area 1;Male
ID0943;Employee_0943;Mechanical Maintenance Team;Maintenance Area 1;Male
ID0944;Employee_0944;Mechanical Maintenance Team;Maintenance Area 1;Male
ID0945;Employee_0945;Mechanical Maintenance Team;Maintenance Area 1;Male
ID0946;Employee_0946;Mechanical Maintenance Team;Maintenance Area 1;Male
ID0947;Employee_0947;Mechanical Maintenance Team;Maintenance Area 1;Male
ID0948;Employee_0948;Mechanical Maintenance Team;Maintenance Area 1;Male
ID0949;Employee_0949;Mechanical Maintenance Team;Maintenance Area 1;Male
ID0950;Employee_0950;Mechanical Maintenance Team;Maintenance Area 1;Male
ID0951;Employee_0951;Mechanical Maintenance Team;Maintenance Area 1;Male
ID0952;Employee_0952;Mechanical Maintenance Team;Maintenance Area 1;Male
ID0953;Employee_0953;Mechanical Maintenance Team;Maintenance Area 1;Male
ID0954;Employee_0954;Mechanical Maintenance Team;Maintenance Area 1;Male
ID0955;Employee_0955;Mechanical Maintenance Team;Maintenance Area 1;Male
ID0956;Employee_0956;Mechanical Maintenance Team;Maintenance Area 1;Male
ID0957;Employee_0957;Mechanical Maintenance Team;Maintenance Area 2;Male
ID0958;Employee_0958;Mechanical Maintenance Team;Maintenance Area 2;Male
ID0959;Employee_0959;Mechanical Maintenance Team;Maintenance Area 2;Male
ID0960;Employee_0960;Mechanical Maintenance Team;Maintenance Area 2;Male
ID0961;Employee_0961;Mechanical Maintenance Team;Maintenance Area 2;Male
ID0962;Employee_0962;Mechanical Maintenance Team;Maintenance Area 2;Male
ID0963;Employee_0963;Mechanical Maintenance Team;Maintenance Area 2;Male
ID0964;Employee_0964;Mechanical Maintenance Team;Maintenance Area 2;Male
ID0965;Employee_0965;Mechanical Maintenance Team;Maintenance Area 2;Male
ID0966;Employee_0966;Mechanical Maintenance Team;Maintenance Area 2;Male
ID0967;Employee_0967;Mechanical Maintenance Team;Maintenance Area 2;Male
ID0968;Employee_0968;Mechanical Maintenance Team;Maintenance Area 2;Male
ID0969;Employee_0969;Mechanical Maintenance Team;Maintenance Area 2;Male
ID0970;Employee_0970;Mechanical Maintenance Team;Maintenance Area 2;Male
ID0971;Employee_0971;Mechanical Maintenance Team;Maintenance Area 2;Male
ID0972;Employee_0972;Mechanical Maintenance Team;Maintenance Area 2;Male
ID0973;Employee_0973;Mechanical Maintenance Team;Maintenance Area 2;Male
ID0974;Employee_0974;Mechanical Maintenance Team;Maintenance Area 2;Male
ID0975;Employee_0975;Mechanical Maintenance Team;Maintenance Area 2;Male
ID0976;Employee_0976;Mechanical Maintenance Team;Maintenance Area 2;Male
ID0977;Employee_0977;Mechanical Maintenance Team;Maintenance Area 2;Male
ID0978;Employee_0978;Mechanical Maintenance Team;Maintenance Area 2;Male
ID0979;Employee_0979;Mechanical Maintenance Team;Maintenance Area 3;Male
ID0980;Employee_0980;Mechanical Maintenance Team;Maintenance Area 3;Male
ID0981;Employee_0981;Mechanical Maintenance Team;Maintenance Area 3;Male
ID0982;Employee_0982;Mechanical Maintenance Team;Maintenance Area 3;Male
ID0983;Employee_0983;Mechanical Maintenance Team;Maintenance Area 3;Male
ID0984;Employee_0984;Mechanical Maintenance Team;Maintenance Area 3;Male
ID0985;Employee_0985;Mechanical Maintenance Team;Maintenance Area 3;Male
ID0986;Employee_0986;Mechanical Maintenance Team;Maintenance Area 3;Male
ID0987;Employee_0987;Mechanical Maintenance Team;Maintenance Area 3;Male
ID0988;Employee_0988;Mechanical Maintenance Team;Maintenance Area 3;Male
ID0989;Employee_0989;Mechanical Maintenance Team;Maintenance Area 3;Male
ID0990;Employee_0990;Mechanical Maintenance Team;Maintenance Area 3;Male
ID0991;Employee_0991;Mechanical Maintenance Team;Maintenance Area 3;Male
ID0992;Employee_0992;Mechanical Maintenance Team;Maintenance Area 3;Male
ID0993;Employee_0993;Mechanical Maintenance Team;Maintenance Area 3;Male
ID0994;Employee_0994;Mechanical Maintenance Team;Maintenance Area 3;Male
ID0995;Employee_0995;Mechanical Maintenance Team;Maintenance Area 3;Male
ID0996;Employee_0996;Mechanical Maintenance Team;Maintenance Area 3;Male
ID0997;Employee_0997;Mechanical Maintenance Team;Maintenance Area 3;Male
ID0998;Employee_0998;Mechanical Maintenance Team;Maintenance Area 3;Male
ID0999;Employee_0999;Mechanical Maintenance Team;Maintenance Area 3;Male
ID1000;Employee_1000;Mechanical Maintenance Team;Maintenance Area 3;Male
ID1001;Employee_1001;Mechanical Maintenance Team;Maintenance Area 3;Male
ID1002;Employee_1002;Mechanical Maintenance Team;Maintenance Area 3;Male
ID1003;Employee_1003;Mechanical Maintenance Team;Maintenance Area 3;Male
ID1004;Employee_1004;Mechanical Maintenance Team;Maintenance Area 3;Male
ID1005;Employee_1005;Mechanical Maintenance Team;Maintenance Area 3;Male
ID1006;Employee_1006;Mechanical Maintenance Team;Maintenance Area 4;Male
ID1007;Employee_1007;Mechanical Maintenance Team;Maintenance Area 4;Male
ID1008;Employee_1008;Mechanical Maintenance Team;Maintenance Area 4;Male
ID1009;Employee_1009;Mechanical Maintenance Team;Maintenance Area 4;Male
ID1010;Employee_1010;Mechanical Maintenance Team;Maintenance Area 4;Male
ID1011;Employee_1011;Mechanical Maintenance Team;Maintenance Area 4;Male
ID1012;Employee_1012;Mechanical Maintenance Team;Maintenance Area 4;Male
ID1013;Employee_1013;Mechanical Maintenance Team;Maintenance Area 4;Male
ID1014;Employee_1014;Mechanical Maintenance Team;Maintenance Area 4;Male
ID1015;Employee_1015;Mechanical Maintenance Team;Maintenance Area 4;Male
ID1016;Employee_1016;Mechanical Maintenance Team;Maintenance Area 4;Male
ID1017;Employee_1017;Mechanical Maintenance Team;Maintenance Area 4;Male
ID1018;Employee_1018;Mechanical Maintenance Team;Maintenance Area 4;Male
ID1019;Employee_1019;Mechanical Maintenance Team;Maintenance Area 4;Male
ID1020;Employee_1020;Mechanical Maintenance Team;Maintenance Area 4;Male
ID1021;Employee_1021;Mechanical Maintenance Team;Maintenance Area 4;Male
ID1022;Employee_1022;Mechanical Maintenance Team;Maintenance Area 4;Male
ID1023;Employee_1023;Mechanical Maintenance Team;Maintenance Area 4;Male
ID1024;Employee_1024;Mechanical Maintenance Team;Maintenance Area 4;Male
ID1025;Employee_1025;Mechanical Maintenance Team;Maintenance Area 4;Male
ID1026;Employee_1026;Mechanical Maintenance Team;Maintenance Area 4;Male
ID1027;Employee_1027;Mechanical Maintenance Team;Maintenance Area 4;Male
ID1028;Employee_1028;Mechanical Maintenance Team;Maintenance Area 4;Male
ID1029;Employee_1029;Mechanical Maintenance Team;Maintenance Area 4;Male
ID1030;Employee_1030;Mechanical Maintenance Team;Maintenance Area 4;Male
ID1031;Employee_1031;Electrical & Instrument Maintenance;Maintenance Execution II;Male
ID1032;Employee_1032;Electrical & Instrument Maintenance;Maintenance Area 5;Male
ID1033;Employee_1033;Electrical & Instrument Maintenance;Maintenance Area 5;Male
ID1034;Employee_1034;Electrical & Instrument Maintenance;Maintenance Area 5;Male
ID1035;Employee_1035;Electrical & Instrument Maintenance;Maintenance Area 5;Male
ID1036;Employee_1036;Electrical & Instrument Maintenance;Maintenance Area 5;Male
ID1037;Employee_1037;Electrical & Instrument Maintenance;Maintenance Area 5;Male
ID1038;Employee_1038;Electrical & Instrument Maintenance;Maintenance Area 5;Male
ID1039;Employee_1039;Electrical & Instrument Maintenance;Maintenance Area 5;Male
ID1040;Employee_1040;Electrical & Instrument Maintenance;Maintenance Area 5;Male
ID1041;Employee_1041;Electrical & Instrument Maintenance;Maintenance Area 5;Male
ID1042;Employee_1042;Electrical & Instrument Maintenance;Maintenance Area 5;Male
ID1043;Employee_1043;Electrical & Instrument Maintenance;Maintenance Area 5;Male
ID1044;Employee_1044;Electrical & Instrument Maintenance;Maintenance Area 5;Male
ID1045;Employee_1045;Electrical & Instrument Maintenance;Maintenance Area 5;Male
ID1046;Employee_1046;Electrical & Instrument Maintenance;Maintenance Area 5;Female
ID1047;Employee_1047;Electrical & Instrument Maintenance;Maintenance Area 5;Male
ID1048;Employee_1048;Electrical & Instrument Maintenance;Maintenance Area 5;Male
ID1049;Employee_1049;Electrical & Instrument Maintenance;Maintenance Area 5;Male
ID1050;Employee_1050;Electrical & Instrument Maintenance;Maintenance Area 5;Male
ID1051;Employee_1051;Electrical & Instrument Maintenance;Maintenance Area 5;Male
ID1052;Employee_1052;Electrical & Instrument Maintenance;Maintenance Area 5;Male
ID1053;Employee_1053;Electrical & Instrument Maintenance;Maintenance Area 5;Male
ID1054;Employee_1054;Electrical & Instrument Maintenance;Maintenance Area 5;Male
ID1055;Employee_1055;Electrical & Instrument Maintenance;Maintenance Area 5;Male
ID1056;Employee_1056;Electrical & Instrument Maintenance;Maintenance Area 5;Male
ID1057;Employee_1057;Electrical & Instrument Maintenance;Maintenance Area 5;Male
ID1058;Employee_1058;Electrical & Instrument Maintenance;Maintenance Area 5;Male
ID1059;Employee_1059;Electrical & Instrument Maintenance;Maintenance Area 5;Male
ID1060;Employee_1060;Electrical & Instrument Maintenance;Maintenance Area 6;Male
ID1061;Employee_1061;Electrical & Instrument Maintenance;Maintenance Area 6;Male
ID1062;Employee_1062;Electrical & Instrument Maintenance;Maintenance Area 6;Male
ID1063;Employee_1063;Electrical & Instrument Maintenance;Maintenance Area 6;Male
ID1064;Employee_1064;Electrical & Instrument Maintenance;Maintenance Area 6;Male
ID1065;Employee_1065;Electrical & Instrument Maintenance;Maintenance Area 6;Male
ID1066;Employee_1066;Electrical & Instrument Maintenance;Maintenance Area 6;Male
ID1067;Employee_1067;Electrical & Instrument Maintenance;Maintenance Area 6;Male
ID1068;Employee_1068;Electrical & Instrument Maintenance;Maintenance Area 6;Male
ID1069;Employee_1069;Electrical & Instrument Maintenance;Maintenance Area 6;Male
ID1070;Employee_1070;Electrical & Instrument Maintenance;Maintenance Area 6;Male
ID1071;Employee_1071;Electrical & Instrument Maintenance;Maintenance Area 6;Male
ID1072;Employee_1072;Electrical & Instrument Maintenance;Maintenance Area 6;Male
ID1073;Employee_1073;Electrical & Instrument Maintenance;Maintenance Area 6;Male
ID1074;Employee_1074;Electrical & Instrument Maintenance;Maintenance Area 6;Male
ID1075;Employee_1075;Electrical & Instrument Maintenance;Maintenance Area 6;Male
ID1076;Employee_1076;Electrical & Instrument Maintenance;Maintenance Area 6;Male
ID1077;Employee_1077;Electrical & Instrument Maintenance;Maintenance Area 6;Male
ID1078;Employee_1078;Electrical & Instrument Maintenance;Maintenance Area 6;Male
ID1079;Employee_1079;Electrical & Instrument Maintenance;Maintenance Area 6;Male
ID1080;Employee_1080;Electrical & Instrument Maintenance;Maintenance Area 6;Male
ID1081;Employee_1081;Electrical & Instrument Maintenance;Maintenance Area 6;Male
ID1082;Employee_1082;Electrical & Instrument Maintenance;Maintenance Area 6;Male
ID1083;Employee_1083;Electrical & Instrument Maintenance;Maintenance Area 6;Male
ID1084;Employee_1084;Electrical & Instrument Maintenance;Maintenance Area 6;Male
ID1085;Employee_1085;Electrical & Instrument Maintenance;Maintenance Area 6;Male
ID1086;Employee_1086;Electrical & Instrument Maintenance;Maintenance Area 6;Male
ID1087;Employee_1087;Electrical & Instrument Maintenance;Maintenance Area 6;Male
ID1088;Employee_1088;Electrical & Instrument Maintenance;Maintenance Area 7;Male
ID1089;Employee_1089;Electrical & Instrument Maintenance;Maintenance Area 7;Male
ID1090;Employee_1090;Electrical & Instrument Maintenance;Maintenance Area 7;Male
ID1091;Employee_1091;Electrical & Instrument Maintenance;Maintenance Area 7;Male
ID1092;Employee_1092;Electrical & Instrument Maintenance;Maintenance Area 7;Male
ID1093;Employee_1093;Electrical & Instrument Maintenance;Maintenance Area 7;Male
ID1094;Employee_1094;Electrical & Instrument Maintenance;Maintenance Area 7;Male
ID1095;Employee_1095;Electrical & Instrument Maintenance;Maintenance Area 7;Male
ID1096;Employee_1096;Electrical & Instrument Maintenance;Maintenance Area 7;Male
ID1097;Employee_1097;Electrical & Instrument Maintenance;Maintenance Area 7;Male
ID1098;Employee_1098;Electrical & Instrument Maintenance;Maintenance Area 7;Male
ID1099;Employee_1099;Electrical & Instrument Maintenance;Maintenance Area 7;Male
ID1100;Employee_1100;Electrical & Instrument Maintenance;Maintenance Area 7;Male
ID1101;Employee_1101;Electrical & Instrument Maintenance;Maintenance Area 7;Male
ID1102;Employee_1102;Electrical & Instrument Maintenance;Maintenance Area 7;Male
ID1103;Employee_1103;Electrical & Instrument Maintenance;Maintenance Area 7;Male
ID1104;Employee_1104;Electrical & Instrument Maintenance;Maintenance Area 7;Male
ID1105;Employee_1105;Electrical & Instrument Maintenance;Maintenance Area 7;Male
ID1106;Employee_1106;Electrical & Instrument Maintenance;Maintenance Area 7;Male
ID1107;Employee_1107;Electrical & Instrument Maintenance;Maintenance Area 7;Male
ID1108;Employee_1108;Electrical & Instrument Maintenance;Maintenance Area 7;Male
ID1109;Employee_1109;Electrical & Instrument Maintenance;Maintenance Area 7;Male
ID1110;Employee_1110;Electrical & Instrument Maintenance;Maintenance Area 7;Male
ID1111;Employee_1111;Electrical & Instrument Maintenance;Maintenance Area 7;Male
ID1112;Employee_1112;Electrical & Instrument Maintenance;Maintenance Area 7;Male
ID1113;Employee_1113;Electrical & Instrument Maintenance;Workshop;Male
ID1114;Employee_1114;Electrical & Instrument Maintenance;Workshop;Male
ID1115;Employee_1115;Electrical & Instrument Maintenance;Workshop;Male
ID1116;Employee_1116;Electrical & Instrument Maintenance;Workshop;Male
ID1117;Employee_1117;Electrical & Instrument Maintenance;Workshop;Male
ID1118;Employee_1118;Electrical & Instrument Maintenance;Workshop;Male
ID1119;Employee_1119;Electrical & Instrument Maintenance;Workshop;Male
ID1120;Employee_1120;Electrical & Instrument Maintenance;Workshop;Male
ID1121;Employee_1121;Electrical & Instrument Maintenance;Workshop;Male
ID1122;Employee_1122;Electrical & Instrument Maintenance;Workshop;Male
ID1123;Employee_1123;Electrical & Instrument Maintenance;Workshop;Male
ID1124;Employee_1124;Electrical & Instrument Maintenance;Workshop;Male
ID1125;Employee_1125;Electrical & Instrument Maintenance;Workshop;Male
ID1126;Employee_1126;Electrical & Instrument Maintenance;Workshop;Male
ID1127;Employee_1127;Electrical & Instrument Maintenance;Workshop;Male
ID1128;Employee_1128;Electrical & Instrument Maintenance;Workshop;Male
ID1129;Employee_1129;Electrical & Instrument Maintenance;Workshop;Male
ID1130;Employee_1130;Electrical & Instrument Maintenance;Workshop;Male
ID1131;Employee_1131;Electrical & Instrument Maintenance;Workshop;Male
ID1132;Employee_1132;Electrical & Instrument Maintenance;Workshop;Male
ID1133;Employee_1133;Electrical & Instrument Maintenance;Workshop;Male
ID1134;Employee_1134;Electrical & Instrument Maintenance;Workshop;Male
ID1135;Employee_1135;Electrical & Instrument Maintenance;Workshop;Male
ID1136;Employee_1136;Electrical & Instrument Maintenance;Workshop;Male
ID1137;Employee_1137;Electrical & Instrument Maintenance;Workshop;Male
ID1138;Employee_1138;Electrical & Instrument Maintenance;Workshop;Male
ID1139;Employee_1139;Electrical & Instrument Maintenance;Workshop;Male
ID1140;Employee_1140;Electrical & Instrument Maintenance;Workshop;Male
ID1141;Employee_1141;Electrical & Instrument Maintenance;Workshop;Male
ID1142;Employee_1142;Electrical & Instrument Maintenance;Workshop;Male
ID1143;Employee_1143;Electrical & Instrument Maintenance;Workshop;Male
ID1144;Employee_1144;Electrical & Instrument Maintenance;Workshop;Male
ID1145;Employee_1145;Electrical & Instrument Maintenance;Workshop;Male
ID1146;Employee_1146;Electrical & Instrument Maintenance;Workshop;Male
ID1147;Employee_1147;Electrical & Instrument Maintenance;Workshop;Male
ID1148;Employee_1148;Electrical & Instrument Maintenance;Workshop;Male
ID1149;Employee_1149;Electrical & Instrument Maintenance;Workshop;Male
ID1150;Employee_1150;Shutdown & Major Maintenance;Turn Around;Male
ID1151;Employee_1151;Shutdown & Major Maintenance;Turn Around Area-I;Male
ID1152;Employee_1152;Shutdown & Major Maintenance;Turn Around Area-I;Male
ID1153;Employee_1153;Shutdown & Major Maintenance;Turn Around Area-I;Male
ID1154;Employee_1154;Shutdown & Major Maintenance;Turn Around Area-I;Male
ID1155;Employee_1155;Shutdown & Major Maintenance;Turn Around Area-I;Male
ID1156;Employee_1156;Shutdown & Major Maintenance;Turn Around Area-I;Male
ID1157;Employee_1157;Shutdown & Major Maintenance;Turn Around Area-II;Male
ID1158;Employee_1158;Shutdown & Major Maintenance;Turn Around Area-II;Male
ID1159;Employee_1159;Shutdown & Major Maintenance;Turn Around Area-II;Male
ID1160;Employee_1160;Shutdown & Major Maintenance;Turn Around Area-II;Male
ID1161;Employee_1161;Shutdown & Major Maintenance;Turn Around Area-II;Male
ID1162;Employee_1162;Shutdown & Major Maintenance;Equipment Overhaul;Male
ID1163;Employee_1163;Shutdown & Major Maintenance;Equipment Overhaul;Male
ID1164;Employee_1164;Shutdown & Major Maintenance;Equipment Overhaul;Male
ID1165;Employee_1165;Shutdown & Major Maintenance;Equipment Overhaul;Male
ID1166;Employee_1166;Shutdown & Major Maintenance;Equipment Overhaul;Male
ID1167;Employee_1167;Shutdown & Major Maintenance;Equipment Overhaul;Male
ID1168;Employee_1168;Shutdown & Major Maintenance;Equipment Overhaul;Male
ID1169;Employee_1169;Shutdown & Major Maintenance;Scheduling Material & Service Support;Male
ID1170;Employee_1170;Shutdown & Major Maintenance;Scheduling Material & Service Support;Male
ID1171;Employee_1171;Shutdown & Major Maintenance;Scheduling Material & Service Support;Male
ID1172;Employee_1172;Shutdown & Major Maintenance;Scheduling Material & Service Support;Male
ID1173;Employee_1173;Engineering & Innovation;Engineering & Development;Male
ID1174;Employee_1174;Engineering & Innovation;Engineering & Development;Male
ID1175;Employee_1175;Engineering & Innovation;Engineering & Development;Male
ID1176;Employee_1176;Engineering & Innovation;Laboratory;Male
ID1177;Employee_1177;Engineering & Innovation;Laboratory;Male
ID1178;Employee_1178;Engineering & Innovation;Laboratory;Male
ID1179;Employee_1179;Engineering & Innovation;Laboratory;Male
ID1180;Employee_1180;Engineering & Innovation;Laboratory;Male
ID1181;Employee_1181;Engineering & Innovation;Laboratory;Male
ID1182;Employee_1182;Engineering & Innovation;Laboratory;Male
ID1183;Employee_1183;Engineering & Innovation;Laboratory;Male
ID1184;Employee_1184;Engineering & Innovation;Laboratory;Male
ID1185;Employee_1185;Engineering & Innovation;Laboratory;Male
ID1186;Employee_1186;Engineering & Innovation;Laboratory;Male
ID1187;Employee_1187;Engineering & Innovation;Laboratory;Male
ID1188;Employee_1188;Engineering & Innovation;Laboratory;Male
ID1189;Employee_1189;Engineering & Innovation;Laboratory;Male
ID1190;Employee_1190;Engineering & Innovation;Laboratory;Male
ID1191;Employee_1191;Engineering & Innovation;Laboratory;Male
ID1192;Employee_1192;Engineering & Innovation;Laboratory;Male
ID1193;Employee_1193;Engineering & Innovation;Laboratory;Male
ID1194;Employee_1194;Engineering & Innovation;Laboratory;Male
ID1195;Employee_1195;Engineering & Innovation;Laboratory;Male
ID1196;Employee_1196;Engineering & Innovation;Laboratory;Male
ID1197;Employee_1197;Engineering & Innovation;Laboratory;Male
ID1198;Employee_1198;Engineering & Innovation;Laboratory;Male
ID1199;Employee_1199;Engineering & Innovation;Laboratory;Male
ID1200;Employee_1200;Engineering & Innovation;Laboratory;Male
ID1201;Employee_1201;Engineering & Innovation;Laboratory;Male
ID1202;Employee_1202;Engineering & Innovation;Laboratory;Male
ID1203;Employee_1203;Engineering & Innovation;Laboratory;Male
ID1204;Employee_1204;Engineering & Innovation;Laboratory;Male
ID1205;Employee_1205;Engineering & Innovation;Laboratory;Male
ID1206;Employee_1206;Engineering & Innovation;Laboratory;Male
ID1207;Employee_1207;Engineering & Innovation;Laboratory;Female
ID1208;Employee_1208;Engineering & Innovation;Laboratory;Male
ID1209;Employee_1209;Engineering & Innovation;Laboratory;Male
ID1210;Employee_1210;Engineering & Innovation;Laboratory;Male
ID1211;Employee_1211;Engineering & Innovation;Laboratory;Male
ID1212;Employee_1212;Engineering & Innovation;Laboratory;Male
ID1213;Employee_1213;Engineering & Innovation;Laboratory;Male
ID1214;Employee_1214;Engineering & Innovation;Laboratory;Male
ID1215;Employee_1215;Engineering & Innovation;Laboratory;Male
ID1216;Employee_1216;Engineering & Innovation;Laboratory;Male
ID1217;Employee_1217;Engineering & Innovation;Laboratory;Male
ID1218;Employee_1218;Engineering & Innovation;Laboratory;Male
ID1219;Employee_1219;Engineering & Innovation;Laboratory;Male
ID1220;Employee_1220;Engineering & Innovation;Laboratory;Male
ID1221;Employee_1221;Engineering & Innovation;Laboratory;Male
ID1222;Employee_1222;Engineering & Innovation;Laboratory;Male
ID1223;Employee_1223;Engineering & Innovation;Laboratory;Male
ID1224;Employee_1224;Engineering & Innovation;Laboratory;Male
ID1225;Employee_1225;Engineering & Innovation;Laboratory;Male
ID1226;Employee_1226;Engineering & Innovation;Laboratory;Male
ID1227;Employee_1227;Engineering & Innovation;Laboratory;Female
ID1228;Employee_1228;Engineering & Innovation;Laboratory;Male
ID1229;Employee_1229;Engineering & Innovation;Laboratory;Male
ID1230;Employee_1230;Engineering & Innovation;Laboratory;Male
ID1231;Employee_1231;Engineering & Innovation;Laboratory;Female
ID1232;Employee_1232;Engineering & Innovation;Laboratory;Male
ID1233;Employee_1233;Engineering & Innovation;Laboratory;Male
ID1234;Employee_1234;Engineering & Innovation;Laboratory;Male
ID1235;Employee_1235;Engineering & Innovation;Laboratory;Male
ID1236;Employee_1236;Engineering & Innovation;Laboratory;Female
ID1237;Employee_1237;Engineering & Innovation;Laboratory;Female
ID1238;Employee_1238;Engineering & Innovation;Laboratory;Male
ID1239;Employee_1239;Engineering & Innovation;Laboratory;Male
ID1240;Employee_1240;Engineering & Innovation;Laboratory;Male
ID1241;Employee_1241;Engineering & Innovation;Laboratory;Male
ID1242;Employee_1242;Engineering & Innovation;Laboratory;Male
ID1243;Employee_1243;Engineering & Innovation;Laboratory;Male
ID1244;Employee_1244;Engineering & Innovation;Laboratory;Male
ID1245;Employee_1245;Engineering & Innovation;Laboratory;Male
ID1246;Employee_1246;Engineering & Innovation;Laboratory;Male
ID1247;Employee_1247;Engineering & Innovation;Laboratory;Male
ID1248;Employee_1248;Engineering & Innovation;Laboratory;Male
ID1249;Employee_1249;Engineering & Innovation;Laboratory;Male
ID1250;Employee_1250;Engineering & Innovation;Laboratory;Male
ID1251;Employee_1251;Engineering & Innovation;Laboratory;Male
ID1252;Employee_1252;Engineering & Innovation;Laboratory;Male
ID1253;Employee_1253;Engineering & Innovation;Laboratory;Male
ID1254;Employee_1254;Engineering & Innovation;Laboratory;Male
ID1255;Employee_1255;Engineering & Innovation;Laboratory;Male
ID1256;Employee_1256;Engineering & Innovation;Laboratory;Male
ID1257;Employee_1257;Engineering & Innovation;Laboratory;Male
ID1258;Employee_1258;Engineering & Innovation;Laboratory;Male
ID1259;Employee_1259;Engineering & Innovation;Laboratory;Female
ID1260;Employee_1260;Engineering & Innovation;Laboratory;Male
ID1261;Employee_1261;Engineering & Innovation;Laboratory;Male
ID1262;Employee_1262;Engineering & Innovation;Laboratory;Male
ID1263;Employee_1263;Engineering & Innovation;Laboratory;Male
ID1264;Employee_1264;Engineering & Innovation;Laboratory;Male
ID1265;Employee_1265;Engineering & Innovation;Laboratory;Male
ID1266;Employee_1266;Engineering & Innovation;Laboratory;Male
ID1267;Employee_1267;Engineering & Innovation;Laboratory;Male
ID1268;Employee_1268;Engineering & Innovation;Laboratory;Male
ID1269;Employee_1269;Engineering & Innovation;Laboratory;Male
ID1270;Employee_1270;Engineering & Innovation;Laboratory;Male
ID1271;Employee_1271;Engineering & Innovation;Process Engineering Area I;Male
ID1272;Employee_1272;Engineering & Innovation;Process Engineering Area I;Male
ID1273;Employee_1273;Engineering & Innovation;Process Engineering Area I;Male
ID1274;Employee_1274;Engineering & Innovation;Process Engineering Area I;Male
ID1275;Employee_1275;Engineering & Innovation;Process Engineering Area I;Male
ID1276;Employee_1276;Engineering & Innovation;Process Engineering Area I;Male
ID1277;Employee_1277;Engineering & Innovation;Process Engineering Area I;Male
ID1278;Employee_1278;Engineering & Innovation;Process Engineering Area I;Male
ID1279;Employee_1279;Engineering & Innovation;Process Engineering Area I;Male
ID1280;Employee_1280;Engineering & Innovation;Process Engineering Area I;Female
ID1281;Employee_1281;Engineering & Innovation;Process Engineering Area I;Male
ID1282;Employee_1282;Engineering & Innovation;Process Engineering Area I;Male
ID1283;Employee_1283;Engineering & Innovation;Process Engineering Area I;Male
ID1284;Employee_1284;Engineering & Innovation;Process Engineering Area I;Male
ID1285;Employee_1285;Engineering & Innovation;Process Engineering Area I;Male
ID1286;Employee_1286;Engineering & Innovation;Process Engineering Area I;Female
ID1287;Employee_1287;Engineering & Innovation;Process Engineering Area II;Male
ID1288;Employee_1288;Engineering & Innovation;Process Engineering Area II;Male
ID1289;Employee_1289;Engineering & Innovation;Process Engineering Area II;Male
ID1290;Employee_1290;Engineering & Innovation;Process Engineering Area II;Male
ID1291;Employee_1291;Engineering & Innovation;Process Engineering Area II;Male
ID1292;Employee_1292;Engineering & Innovation;Process Engineering Area II;Male
ID1293;Employee_1293;Engineering & Innovation;Process Engineering Area II;Male
ID1294;Employee_1294;Engineering & Innovation;Process Engineering Area II;Male
ID1295;Employee_1295;Engineering & Innovation;Process Engineering Area II;Male
ID1296;Employee_1296;Engineering & Innovation;Process Engineering Area II;Female
ID1297;Employee_1297;Engineering & Innovation;Process Engineering Area II;Male
ID1298;Employee_1298;Engineering & Innovation;Process Engineering Area II;Male
ID1299;Employee_1299;Engineering & Innovation;Process Engineering Area II;Male
ID1300;Employee_1300;Engineering & Innovation;Process Engineering Area II;Male
ID1301;Employee_1301;Engineering & Innovation;Process Engineering Area II;Male
ID1302;Employee_1302;Engineering & Innovation;Process Engineering Area II;Female
ID1303;Employee_1303;Engineering & Innovation;Process Engineering Area II;Male
ID1304;Employee_1304;Engineering & Innovation;Project Engineering;Male
ID1305;Employee_1305;Engineering & Innovation;Project Engineering;Male
ID1306;Employee_1306;Engineering & Innovation;Project Engineering;Male
ID1307;Employee_1307;Engineering & Innovation;Project Engineering;Male
ID1308;Employee_1308;Engineering & Innovation;Project Engineering;Male
ID1309;Employee_1309;Engineering & Innovation;Project Engineering;Male
ID1310;Employee_1310;Engineering & Innovation;Project Engineering;Male
ID1311;Employee_1311;Engineering & Innovation;Project Engineering;Male
ID1312;Employee_1312;Engineering & Innovation;Project Engineering;Male
ID1313;Employee_1313;Engineering & Innovation;Project Engineering;Male
ID1314;Employee_1314;Engineering & Innovation;Project Engineering;Male
ID1315;Employee_1315;Engineering & Innovation;Project Engineering;Male
ID1316;Employee_1316;Engineering & Innovation;Project Engineering;Male
ID1317;Employee_1317;Engineering & Innovation;Project Engineering;Male
ID1318;Employee_1318;Engineering & Innovation;Project Engineering;Male
ID1319;Employee_1319;Engineering & Innovation;Energy Con & Loss Control;Male
ID1320;Employee_1320;Engineering & Innovation;Energy Con & Loss Control;Male
ID1321;Employee_1321;Engineering & Innovation;Energy Con & Loss Control;Male
ID1322;Employee_1322;Engineering & Innovation;Energy Con & Loss Control;Male
ID1323;Employee_1323;Engineering & Innovation;Energy Con & Loss Control;Male
ID1324;Employee_1324;Engineering & Innovation;Energy Con & Loss Control;Male
ID1325;Employee_1325;Engineering & Innovation;Energy Con & Loss Control;Female
ID1326;Employee_1326;Engineering & Innovation;Energy Con & Loss Control;Male
ID1327;Employee_1327;Engineering & Innovation;Energy Con & Loss Control;Male
ID1328;Employee_1328;Engineering & Innovation;Energy Con & Loss Control;Male
ID1329;Employee_1329;Engineering & Innovation;Energy Con & Loss Control;Male
ID1330;Employee_1330;Engineering & Innovation;Energy Con & Loss Control;Male
ID1331;Employee_1331;Engineering & Innovation;Energy Con & Loss Control;Female
ID1332;Employee_1332;Asset Reliability Management;Reliability;Male
ID1333;Employee_1333;Asset Reliability Management;Asset Integrity;Male
ID1334;Employee_1334;Asset Reliability Management;Equipment Reliability;Male
ID1335;Employee_1335;Asset Reliability Management;Equipment Reliability;Male
ID1336;Employee_1336;Asset Reliability Management;Equipment Reliability;Male
ID1337;Employee_1337;Asset Reliability Management;Equipment Reliability;Male
ID1338;Employee_1338;Asset Reliability Management;Equipment Reliability;Male
ID1339;Employee_1339;Asset Reliability Management;Plant Reliability;Male
ID1340;Employee_1340;Asset Reliability Management;Plant Reliability;Male
ID1341;Employee_1341;Asset Reliability Management;Plant Reliability;Male
ID1342;Employee_1342;Operational Performance Improvement;OPI;Male
ID1343;Employee_1343;Operational Performance Improvement;OPI;Male
ID1344;Employee_1344;Operational Performance Improvement;OPI;Male
ID1345;Employee_1345;Operational Performance Improvement;OPI;Male
ID1346;Employee_1346;Operational Performance Improvement;OPI;Male
ID1347;Employee_1347;Operational Performance Improvement;OPI;Male
ID1348;Employee_1348;Operational Performance Improvement;OPI;Male
ID1349;Employee_1349;Operational Performance Improvement;OPI;Female
ID1350;Employee_1350;Health, Safety & Environment;HSSE;Male
ID1351;Employee_1351;Health, Safety & Environment;Emergency & Insurance;Male
ID1352;Employee_1352;Health, Safety & Environment;Emergency & Insurance;Male
ID1353;Employee_1353;Health, Safety & Environment;Emergency & Insurance;Female
ID1354;Employee_1354;Health, Safety & Environment;Emergency & Insurance;Male
ID1355;Employee_1355;Health, Safety & Environment;Emergency & Insurance;Male
ID1356;Employee_1356;Health, Safety & Environment;Emergency & Insurance;Male
ID1357;Employee_1357;Health, Safety & Environment;Emergency & Insurance;Male
ID1358;Employee_1358;Health, Safety & Environment;Emergency & Insurance;Male
ID1359;Employee_1359;Health, Safety & Environment;Emergency & Insurance;Male
ID1360;Employee_1360;Health, Safety & Environment;Emergency & Insurance;Male
ID1361;Employee_1361;Health, Safety & Environment;Emergency & Insurance;Male
ID1362;Employee_1362;Health, Safety & Environment;Emergency & Insurance;Male
ID1363;Employee_1363;Health, Safety & Environment;Emergency & Insurance;Male
ID1364;Employee_1364;Health, Safety & Environment;Emergency & Insurance;Male
ID1365;Employee_1365;Health, Safety & Environment;Emergency & Insurance;Male
ID1366;Employee_1366;Health, Safety & Environment;Emergency & Insurance;Male
ID1367;Employee_1367;Health, Safety & Environment;Emergency & Insurance;Male
ID1368;Employee_1368;Health, Safety & Environment;Emergency & Insurance;Male
ID1369;Employee_1369;Health, Safety & Environment;Emergency & Insurance;Male
ID1370;Employee_1370;Health, Safety & Environment;Emergency & Insurance;Male
ID1371;Employee_1371;Health, Safety & Environment;Emergency & Insurance;Male
ID1372;Employee_1372;Health, Safety & Environment;Emergency & Insurance;Male
ID1373;Employee_1373;Health, Safety & Environment;Emergency & Insurance;Male
ID1374;Employee_1374;Health, Safety & Environment;Emergency & Insurance;Male
ID1375;Employee_1375;Health, Safety & Environment;Emergency & Insurance;Male
ID1376;Employee_1376;Health, Safety & Environment;Emergency & Insurance;Male
ID1377;Employee_1377;Health, Safety & Environment;Emergency & Insurance;Male
ID1378;Employee_1378;Health, Safety & Environment;Emergency & Insurance;Male
ID1379;Employee_1379;Health, Safety & Environment;Emergency & Insurance;Male
ID1380;Employee_1380;Health, Safety & Environment;Emergency & Insurance;Male
ID1381;Employee_1381;Health, Safety & Environment;Emergency & Insurance;Male
ID1382;Employee_1382;Health, Safety & Environment;Safety;Male
ID1383;Employee_1383;Health, Safety & Environment;Safety;Male
ID1384;Employee_1384;Health, Safety & Environment;Safety;Female
ID1385;Employee_1385;Health, Safety & Environment;Safety;Male
ID1386;Employee_1386;Health, Safety & Environment;Safety;Male
ID1387;Employee_1387;Health, Safety & Environment;Safety;Male
ID1388;Employee_1388;Health, Safety & Environment;Safety;Male
ID1389;Employee_1389;Health, Safety & Environment;Safety;Male
ID1390;Employee_1390;Health, Safety & Environment;Environment;Male
ID1391;Employee_1391;Health, Safety & Environment;Environment;Male
ID1392;Employee_1392;Health, Safety & Environment;Environment;Male
ID1393;Employee_1393;Health, Safety & Environment;Environment;Male
ID1394;Employee_1394;Health, Safety & Environment;Environment;Female
ID1395;Employee_1395;Health, Safety & Environment;Environment;Male
ID1396;Employee_1396;Health, Safety & Environment;Health;Male
ID1397;Employee_1397;Health, Safety & Environment;Health;Female
ID1398;Employee_1398;Health, Safety & Environment;Health;Male
ID1399;Employee_1399;Health, Safety & Environment;Health;Male
ID1400;Employee_1400;Health, Safety & Environment;Health;Male
ID1401;Employee_1401;Health, Safety & Environment;Security;Male
ID1402;Employee_1402;Health, Safety & Environment;Security;Male
ID1403;Employee_1403;Health, Safety & Environment;Security;Male
ID1404;Employee_1404;Health, Safety & Environment;HSSE;Female
ID1405;Employee_1405;Supply Chain & Procurement;Procurement;Male
ID1406;Employee_1406;Supply Chain & Procurement;Purchasing;Male
ID1407;Employee_1407;Supply Chain & Procurement;Purchasing;Male
ID1408;Employee_1408;Supply Chain & Procurement;Purchasing;Male
ID1409;Employee_1409;Supply Chain & Procurement;Purchasing;Male
ID1410;Employee_1410;Supply Chain & Procurement;Purchasing;Male
ID1411;Employee_1411;Supply Chain & Procurement;Purchasing;Male
ID1412;Employee_1412;Supply Chain & Procurement;Purchasing;Male
ID1413;Employee_1413;Supply Chain & Procurement;Inventory Control;Male
ID1414;Employee_1414;Supply Chain & Procurement;Inventory Control;Male
ID1415;Employee_1415;Supply Chain & Procurement;Inventory Control;Female
ID1416;Employee_1416;Supply Chain & Procurement;Inventory Control;Male
ID1417;Employee_1417;Supply Chain & Procurement;Inventory Control;Male
ID1418;Employee_1418;Supply Chain & Procurement;Inventory Control;Male
ID1419;Employee_1419;Supply Chain & Procurement;Inventory Control;Male
ID1420;Employee_1420;Supply Chain & Procurement;Inventory Control;Female
ID1421;Employee_1421;Supply Chain & Procurement;Inventory Control;Male
ID1422;Employee_1422;Supply Chain & Procurement;Contract Office;Male
ID1423;Employee_1423;Supply Chain & Procurement;Contract Office;Male
ID1424;Employee_1424;Supply Chain & Procurement;Contract Office;Male
ID1425;Employee_1425;Supply Chain & Procurement;Contract Office;Male
ID1426;Employee_1426;Supply Chain & Procurement;Contract Office;Male
ID1427;Employee_1427;Supply Chain & Procurement;Contract Office;Male
ID1428;Employee_1428;Supply Chain & Procurement;Contract Office;Female
ID1429;Employee_1429;Supply Chain & Procurement;Contract Office;Female
ID1430;Employee_1430;Supply Chain & Procurement;Contract Office;Male
ID1431;Employee_1431;Supply Chain & Procurement;Contract Office;Male
ID1432;Employee_1432;Supply Chain & Procurement;Contract Office;Male
ID1433;Employee_1433;Supply Chain & Procurement;Warehousing;Male
ID1434;Employee_1434;Supply Chain & Procurement;Warehousing;Male
ID1435;Employee_1435;Supply Chain & Procurement;Warehousing;Male
ID1436;Employee_1436;Supply Chain & Procurement;Warehousing;Male
ID1437;Employee_1437;Supply Chain & Procurement;Warehousing;Female
ID1438;Employee_1438;Supply Chain & Procurement;Warehousing;Female
ID1439;Employee_1439;Supply Chain & Procurement;Warehousing;Male
ID1440;Employee_1440;Finance & Accounting;Finance;Male
ID1441;Employee_1441;Finance & Accounting;Budgeting;Female
ID1442;Employee_1442;Finance & Accounting;Budgeting;Male
ID1443;Employee_1443;Finance & Accounting;Hydrocarbon Accounting;Male
ID1444;Employee_1444;Finance & Accounting;Hydrocarbon Accounting;Male
ID1445;Employee_1445;Finance & Accounting;Hydrocarbon Accounting;Male
ID1446;Employee_1446;Finance & Accounting;Hydrocarbon Accounting;Male
ID1447;Employee_1447;Finance & Accounting;Hydrocarbon Accounting;Female
ID1448;Employee_1448;Finance & Accounting;Hydrocarbon Accounting;Male
ID1449;Employee_1449;Finance & Accounting;Accounting & Reporting;Female
ID1450;Employee_1450;Finance & Accounting;Accounting & Reporting;Female
ID1451;Employee_1451;Finance & Accounting;Accounting & Reporting;Female
ID1452;Employee_1452;Human Capital & Talent;HC;Female
ID1453;Employee_1453;Human Capital & Talent;Quality Management;Male
ID1454;Employee_1454;Human Capital & Talent;Quality Management;Male
ID1455;Employee_1455;Human Capital & Talent;HC Business Partner;Male
ID1456;Employee_1456;Human Capital & Talent;HC Business Partner;Male
ID1457;Employee_1457;Human Capital & Talent;HC Business Partner;Female
ID1458;Employee_1458;Human Capital & Talent;Workforce Services;Male
ID1459;Employee_1459;Human Capital & Talent;Workforce Services;Female
ID1460;Employee_1460;Corporate Services;General Support;Female
ID1461;Employee_1461;Corporate Services;Legal Counsel;Male
ID1462;Employee_1462;Corporate Services;Legal Counsel;Male
ID1463;Employee_1463;Corporate Services;Legal Counsel;Female
ID1464;Employee_1464;Corporate Services;Communication & Relation;Male
ID1465;Employee_1465;Corporate Services;Communication & Relation;Male
ID1466;Employee_1466;Corporate Services;Communication & Relation;Female
ID1467;Employee_1467;Corporate Services;Asset Operation;Female
ID1468;Employee_1468;Corporate Services;Asset Operation;Male
ID1469;Employee_1469;Corporate Services;Asset Operation;Male
ID1470;Employee_1470;Corporate Services;Asset Operation;Male
ID1471;Employee_1471;Corporate Services;Asset Operation;Female
ID1472;Employee_1472;Corporate Services;Asset Operation;Male
ID1473;Employee_1473;Corporate Services;Asset Operation;Female
ID1474;Employee_1474;Enterprise Risk Management;Risk Management;Male
ID1475;Employee_1475;Enterprise Risk Management;Risk Management;Male
ID1476;Employee_1476;Enterprise Risk Management;Risk Management;Male
ID1477;Employee_1477;Information Technology Services;IT;Male
ID1478;Employee_1478;Information Technology Services;Planning & Resource Mgt.;Male
ID1479;Employee_1479;Information Technology Services;IT Project;Male
ID1480;Employee_1480;Information Technology Services;IT/OT Security;Male
ID1481;Employee_1481;Information Technology Services;IT Operation;Female
