bagian;fungsi;nama;nopek
Energy Processing Unit Alpha;Energy Processing Unit Alpha;Employee_0001;ID0001
Operation & Manufacturing;Operations & Process Management;Employee_0002;ID0002
Operation & Manufacturing;Operations & Process Management;Employee_0003;ID0003
Operation & Manufacturing;Operations & Process Management;Employee_0004;ID0004
Operation & Manufacturing;Operations & Process Management;Employee_0005;ID0005
Operation & Manufacturing;Operations & Process Management;Employee_0006;ID0006
Production I;Processing Line A;Employee_0007;ID0007
Fuel Oil Complex I ;Processing Line A;Employee_0008;ID0008
Fuel Oil Complex I ;Processing Line A;Employee_0009;ID0009
Fuel Oil Complex I ;Processing Line A;Employee_0010;ID0010
Fuel Oil Complex I ;Processing Line A;Employee_0011;ID0011
Fuel Oil Complex I ;Processing Line A;Employee_0012;ID0012
Fuel Oil Complex I ;Processing Line A;Employee_0013;ID0013
Fuel Oil Complex I ;Processing Line A;Employee_0014;ID0014
Fuel Oil Complex I ;Processing Line A;Employee_0015;ID0015
Fuel Oil Complex I ;Processing Line A;Employee_0016;ID0016
Fuel Oil Complex I ;Processing Line A;Employee_0017;ID0017
Fuel Oil Complex I ;Processing Line A;Employee_0018;ID0018
Fuel Oil Complex I ;Processing Line A;Employee_0019;ID0019
Fuel Oil Complex I ;Processing Line A;Employee_0020;ID0020
Fuel Oil Complex I ;Processing Line A;Employee_0021;ID0021
Fuel Oil Complex I ;Processing Line A;Employee_0022;ID0022
Fuel Oil Complex I ;Processing Line A;Employee_0023;ID0023
Fuel Oil Complex I ;Processing Line A;Employee_0024;ID0024
Fuel Oil Complex I ;Processing Line A;Employee_0025;ID0025
Fuel Oil Complex I ;Processing Line A;Employee_0026;ID0026
Fuel Oil Complex I ;Processing Line A;Employee_0027;ID0027
Fuel Oil Complex I ;Processing Line A;Employee_0028;ID0028
Fuel Oil Complex I ;Processing Line A;Employee_0029;ID0029
Fuel Oil Complex I ;Processing Line A;Employee_0030;ID0030
Fuel Oil Complex I ;Processing Line A;Employee_0031;ID0031
Fuel Oil Complex I ;Processing Line A;Employee_0032;ID0032
Fuel Oil Complex I ;Processing Line A;Employee_0033;ID0033
Fuel Oil Complex I ;Processing Line A;Employee_0034;ID0034
Fuel Oil Complex I ;Processing Line A;Employee_0035;ID0035
Fuel Oil Complex I ;Processing Line A;Employee_0036;ID0036
Fuel Oil Complex I ;Processing Line A;Employee_0037;ID0037
Fuel Oil Complex I ;Processing Line A;Employee_0038;ID0038
Fuel Oil Complex I ;Processing Line A;Employee_0039;ID0039
Fuel Oil Complex I ;Processing Line A;Employee_0040;ID0040
Fuel Oil Complex I ;Processing Line A;Employee_0041;ID0041
Fuel Oil Complex I ;Processing Line A;Employee_0042;ID0042
Fuel Oil Complex I ;Processing Line A;Employee_0043;ID0043
Fuel Oil Complex I ;Processing Line A;Employee_0044;ID0044
Fuel Oil Complex I ;Processing Line A;Employee_0045;ID0045
Fuel Oil Complex I ;Processing Line A;Employee_0046;ID0046
Fuel Oil Complex I ;Processing Line A;Employee_0047;ID0047
Fuel Oil Complex I ;Processing Line A;Employee_0048;ID0048
Fuel Oil Complex I ;Processing Line A;Employee_0049;ID0049
Fuel Oil Complex I ;Processing Line A;Employee_0050;ID0050
Fuel Oil Complex I ;Processing Line A;Employee_0051;ID0051
Fuel Oil Complex I ;Processing Line A;Employee_0052;ID0052
Fuel Oil Complex I ;Processing Line A;Employee_0053;ID0053
Fuel Oil Complex I ;Processing Line A;Employee_0054;ID0054
Fuel Oil Complex I ;Processing Line A;Employee_0055;ID0055
Fuel Oil Complex II;Processing Line A;Employee_0056;ID0056
Fuel Oil Complex II;Processing Line A;Employee_0057;ID0057
Fuel Oil Complex II;Processing Line A;Employee_0058;ID0058
Fuel Oil Complex II;Processing Line A;Employee_0059;ID0059
Fuel Oil Complex II;Processing Line A;Employee_0060;ID0060
Fuel Oil Complex II;Processing Line A;Employee_0061;ID0061
Fuel Oil Complex II;Processing Line A;Employee_0062;ID0062
Fuel Oil Complex II;Processing Line A;Employee_0063;ID0063
Fuel Oil Complex II;Processing Line A;Employee_0064;ID0064
Fuel Oil Complex II;Processing Line A;Employee_0065;ID0065
Fuel Oil Complex II;Processing Line A;Employee_0066;ID0066
Fuel Oil Complex II;Processing Line A;Employee_0067;ID0067
Fuel Oil Complex II;Processing Line A;Employee_0068;ID0068
Fuel Oil Complex II;Processing Line A;Employee_0069;ID0069
Fuel Oil Complex II;Processing Line A;Employee_0070;ID0070
Fuel Oil Complex II;Processing Line A;Employee_0071;ID0071
Fuel Oil Complex II;Processing Line A;Employee_0072;ID0072
Fuel Oil Complex II;Processing Line A;Employee_0073;ID0073
Fuel Oil Complex II;Processing Line A;Employee_0074;ID0074
Fuel Oil Complex II;Processing Line A;Employee_0075;ID0075
Fuel Oil Complex II;Processing Line A;Employee_0076;ID0076
Fuel Oil Complex II;Processing Line A;Employee_0077;ID0077
Fuel Oil Complex II;Processing Line A;Employee_0078;ID0078
Fuel Oil Complex II;Processing Line A;Employee_0079;ID0079
Fuel Oil Complex II;Processing Line A;Employee_0080;ID0080
Fuel Oil Complex II;Processing Line A;Employee_0081;ID0081
Fuel Oil Complex II;Processing Line A;Employee_0082;ID0082
Fuel Oil Complex II;Processing Line A;Employee_0083;ID0083
Fuel Oil Complex II;Processing Line A;Employee_0084;ID0084
Fuel Oil Complex II;Processing Line A;Employee_0085;ID0085
Fuel Oil Complex II;Processing Line A;Employee_0086;ID0086
Fuel Oil Complex II;Processing Line A;Employee_0087;ID0087
Fuel Oil Complex II;Processing Line A;Employee_0088;ID0088
Fuel Oil Complex II;Processing Line A;Employee_0089;ID0089
Fuel Oil Complex II;Processing Line A;Employee_0090;ID0090
Fuel Oil Complex II;Processing Line A;Employee_0091;ID0091
Fuel Oil Complex II;Processing Line A;Employee_0092;ID0092
Fuel Oil Complex II;Processing Line A;Employee_0093;ID0093
Fuel Oil Complex II;Processing Line A;Employee_0094;ID0094
Fuel Oil Complex II;Processing Line A;Employee_0095;ID0095
Fuel Oil Complex II;Processing Line A;Employee_0096;ID0096
Fuel Oil Complex II;Processing Line A;Employee_0097;ID0097
Fuel Oil Complex II;Processing Line A;Employee_0098;ID0098
Fuel Oil Complex II;Processing Line A;Employee_0099;ID0099
Fuel Oil Complex II;Processing Line A;Employee_0100;ID0100
Fuel Oil Complex II;Processing Line A;Employee_0101;ID0101
Fuel Oil Complex II;Processing Line A;Employee_0102;ID0102
Fuel Oil Complex II;Processing Line A;Employee_0103;ID0103
Fuel Oil Complex II;Processing Line A;Employee_0104;ID0104
Fuel Oil Complex II;Processing Line A;Employee_0105;ID0105
Fuel Oil Complex II;Processing Line A;Employee_0106;ID0106
Fuel Oil Complex II;Processing Line A;Employee_0107;ID0107
Fuel Oil Complex II;Processing Line A;Employee_0108;ID0108
Fuel Oil Complex II;Processing Line A;Employee_0109;ID0109
Fuel Oil Complex II;Processing Line A;Employee_0110;ID0110
Fuel Oil Complex II;Processing Line A;Employee_0111;ID0111
Fuel Oil Complex II;Processing Line A;Employee_0112;ID0112
Fuel Oil Complex II;Processing Line A;Employee_0113;ID0113
Fuel Oil Complex II;Processing Line A;Employee_0114;ID0114
Fuel Oil Complex II;Processing Line A;Employee_0115;ID0115
Fuel Oil Complex II;Processing Line A;Employee_0116;ID0116
Fuel Oil Complex II;Processing Line A;Employee_0117;ID0117
Fuel Oil Complex II;Processing Line A;Employee_0118;ID0118
Fuel Oil Complex II;Processing Line A;Employee_0119;ID0119
Fuel Oil Complex II;Processing Line A;Employee_0120;ID0120
Fuel Oil Complex II;Processing Line A;Employee_0121;ID0121
Fuel Oil Complex II;Processing Line A;Employee_0122;ID0122
Fuel Oil Complex II;Processing Line A;Employee_0123;ID0123
Fuel Oil Complex II;Processing Line A;Employee_0124;ID0124
Fuel Oil Complex II;Processing Line A;Employee_0125;ID0125
Fuel Oil Complex II;Processing Line A;Employee_0126;ID0126
Fuel Oil Complex II;Processing Line A;Employee_0127;ID0127
Fuel Oil Complex II;Processing Line A;Employee_0128;ID0128
Fuel Oil Complex II;Processing Line A;Employee_0129;ID0129
Fuel Oil Complex II;Processing Line A;Employee_0130;ID0130
Fuel Oil Complex II;Processing Line A;Employee_0131;ID0131
Fuel Oil Complex II;Processing Line A;Employee_0132;ID0132
Fuel Oil Complex II;Processing Line A;Employee_0133;ID0133
Fuel Oil Complex II;Processing Line A;Employee_0134;ID0134
Fuel Oil Complex II;Processing Line A;Employee_0135;ID0135
Oil Movement 60 & NBM;Processing Line A;Employee_0136;ID0136
Oil Movement 60 & NBM;Processing Line A;Employee_0137;ID0137
Oil Movement 60 & NBM;Processing Line A;Employee_0138;ID0138
Oil Movement 60 & NBM;Processing Line A;Employee_0139;ID0139
Oil Movement 60 & NBM;Processing Line A;Employee_0140;ID0140
Oil Movement 60 & NBM;Processing Line A;Employee_0141;ID0141
Oil Movement 60 & NBM;Processing Line A;Employee_0142;ID0142
Oil Movement 60 & NBM;Processing Line A;Employee_0143;ID0143
Oil Movement 60 & NBM;Processing Line A;Employee_0144;ID0144
Oil Movement 60 & NBM;Processing Line A;Employee_0145;ID0145
Oil Movement 60 & NBM;Processing Line A;Employee_0146;ID0146
Oil Movement 60 & NBM;Processing Line A;Employee_0147;ID0147
Oil Movement 60 & NBM;Processing Line A;Employee_0148;ID0148
Oil Movement 60 & NBM;Processing Line A;Employee_0149;ID0149
Oil Movement 60 & NBM;Processing Line A;Employee_0150;ID0150
Oil Movement 60 & NBM;Processing Line A;Employee_0151;ID0151
Oil Movement 60 & NBM;Processing Line A;Employee_0152;ID0152
Oil Movement 60 & NBM;Processing Line A;Employee_0153;ID0153
Oil Movement 60 & NBM;Processing Line A;Employee_0154;ID0154
Oil Movement 60 & NBM;Processing Line A;Employee_0155;ID0155
Oil Movement 60 & NBM;Processing Line A;Employee_0156;ID0156
Oil Movement 60 & NBM;Processing Line A;Employee_0157;ID0157
Oil Movement 60 & NBM;Processing Line A;Employee_0158;ID0158
Oil Movement 60 & NBM;Processing Line A;Employee_0159;ID0159
Oil Movement 60 & NBM;Processing Line A;Employee_0160;ID0160
Oil Movement 60 & NBM;Processing Line A;Employee_0161;ID0161
Oil Movement 60 & NBM;Processing Line A;Employee_0162;ID0162
Oil Movement 60 & NBM;Processing Line A;Employee_0163;ID0163
Oil Movement 60 & NBM;Processing Line A;Employee_0164;ID0164
Oil Movement 60 & NBM;Processing Line A;Employee_0165;ID0165
Oil Movement 60 & NBM;Processing Line A;Employee_0166;ID0166
Oil Movement 60 & NBM;Processing Line A;Employee_0167;ID0167
Oil Movement 60 & NBM;Processing Line A;Employee_0168;ID0168
Oil Movement 60 & NBM;Processing Line A;Employee_0169;ID0169
Oil Movement 60 & NBM;Processing Line A;Employee_0170;ID0170
Oil Movement 60 & NBM;Processing Line A;Employee_0171;ID0171
Oil Movement 60 & NBM;Processing Line A;Employee_0172;ID0172
Oil Movement 60 & NBM;Processing Line A;Employee_0173;ID0173
Oil Movement 60 & NBM;Processing Line A;Employee_0174;ID0174
Oil Movement 60 & NBM;Processing Line A;Employee_0175;ID0175
Oil Movement 60 & NBM;Processing Line A;Employee_0176;ID0176
Oil Movement 60 & NBM;Processing Line A;Employee_0177;ID0177
Oil Movement 60 & NBM;Processing Line A;Employee_0178;ID0178
Oil Movement 60 & NBM;Processing Line A;Employee_0179;ID0179
Oil Movement 60 & NBM;Processing Line A;Employee_0180;ID0180
Oil Movement 60 & NBM;Processing Line A;Employee_0181;ID0181
Oil Movement 60 & NBM;Processing Line A;Employee_0182;ID0182
Oil Movement 60 & NBM;Processing Line A;Employee_0183;ID0183
Oil Movement 60 & NBM;Processing Line A;Employee_0184;ID0184
Oil Movement 60 & NBM;Processing Line A;Employee_0185;ID0185
Oil Movement 60 & NBM;Processing Line A;Employee_0186;ID0186
Oil Movement 60 & NBM;Processing Line A;Employee_0187;ID0187
Oil Movement 60 & NBM;Processing Line A;Employee_0188;ID0188
Oil Movement 60 & NBM;Processing Line A;Employee_0189;ID0189
Oil Movement 60 & NBM;Processing Line A;Employee_0190;ID0190
Oil Movement 60 & NBM;Processing Line A;Employee_0191;ID0191
Oil Movement 60 & NBM;Processing Line A;Employee_0192;ID0192
Oil Movement 60 & NBM;Processing Line A;Employee_0193;ID0193
Oil Movement 60 & NBM;Processing Line A;Employee_0194;ID0194
Oil Movement 60 & NBM;Processing Line A;Employee_0195;ID0195
Oil Movement 60 & NBM;Processing Line A;Employee_0196;ID0196
Oil Movement 60 & NBM;Processing Line A;Employee_0197;ID0197
Oil Movement 60 & NBM;Processing Line A;Employee_0198;ID0198
Oil Movement 60 & NBM;Processing Line A;Employee_0199;ID0199
Oil Movement 60 & NBM;Processing Line A;Employee_0200;ID0200
Oil Movement 60 & NBM;Processing Line A;Employee_0201;ID0201
Oil Movement 60 & NBM;Processing Line A;Employee_0202;ID0202
Oil Movement 60 & NBM;Processing Line A;Employee_0203;ID0203
Oil Movement 60 & NBM;Processing Line A;Employee_0204;ID0204
Oil Movement 60 & NBM;Processing Line A;Employee_0205;ID0205
Oil Movement 60 & NBM;Processing Line A;Employee_0206;ID0206
Oil Movement 60 & NBM;Processing Line A;Employee_0207;ID0207
Oil Movement 60 & NBM;Processing Line A;Employee_0208;ID0208
Oil Movement 60 & NBM;Processing Line A;Employee_0209;ID0209
Oil Movement 60 & NBM;Processing Line A;Employee_0210;ID0210
Oil Movement 60 & NBM;Processing Line A;Employee_0211;ID0211
Oil Movement 60 & NBM;Processing Line A;Employee_0212;ID0212
Oil Movement 60 & NBM;Processing Line A;Employee_0213;ID0213
Oil Movement 60 & NBM;Processing Line A;Employee_0214;ID0214
Oil Movement 60 & NBM;Processing Line A;Employee_0215;ID0215
Oil Movement 60 & NBM;Processing Line A;Employee_0216;ID0216
Oil Movement 60 & NBM;Processing Line A;Employee_0217;ID0217
Oil Movement 60 & NBM;Processing Line A;Employee_0218;ID0218
Oil Movement 60 & NBM;Processing Line A;Employee_0219;ID0219
Oil Movement 60 & NBM;Processing Line A;Employee_0220;ID0220
Oil Movement 60 & NBM;Processing Line A;Employee_0221;ID0221
Oil Movement 60 & NBM;Processing Line A;Employee_0222;ID0222
Oil Movement 60 & NBM;Processing Line A;Employee_0223;ID0223
Oil Movement 60 & NBM;Processing Line A;Employee_0224;ID0224
Oil Movement 60 & NBM;Processing Line A;Employee_0225;ID0225
Oil Movement 60 & NBM;Processing Line A;Employee_0226;ID0226
Oil Movement 70;Processing Line A;Employee_0227;ID0227
Oil Movement 70;Processing Line A;Employee_0228;ID0228
Oil Movement 70;Processing Line A;Employee_0229;ID0229
Oil Movement 70;Processing Line A;Employee_0230;ID0230
Oil Movement 70;Processing Line A;Employee_0231;ID0231
Oil Movement 70;Processing Line A;Employee_0232;ID0232
Oil Movement 70;Processing Line A;Employee_0233;ID0233
Oil Movement 70;Processing Line A;Employee_0234;ID0234
Oil Movement 70;Processing Line A;Employee_0235;ID0235
Oil Movement 70;Processing Line A;Employee_0236;ID0236
Oil Movement 70;Processing Line A;Employee_0237;ID0237
Oil Movement 70;Processing Line A;Employee_0238;ID0238
Oil Movement 70;Processing Line A;Employee_0239;ID0239
Oil Movement 70;Processing Line A;Employee_0240;ID0240
Oil Movement 70;Processing Line A;Employee_0241;ID0241
Oil Movement 70;Processing Line A;Employee_0242;ID0242
Oil Movement 70;Processing Line A;Employee_0243;ID0243
Oil Movement 70;Processing Line A;Employee_0244;ID0244
Oil Movement 70;Processing Line A;Employee_0245;ID0245
Oil Movement 70;Processing Line A;Employee_0246;ID0246
Oil Movement 70;Processing Line A;Employee_0247;ID0247
Oil Movement 70;Processing Line A;Employee_0248;ID0248
Oil Movement 70;Processing Line A;Employee_0249;ID0249
Oil Movement 70;Processing Line A;Employee_0250;ID0250
Oil Movement 70;Processing Line A;Employee_0251;ID0251
Oil Movement 70;Processing Line A;Employee_0252;ID0252
Oil Movement 70;Processing Line A;Employee_0253;ID0253
Oil Movement 70;Processing Line A;Employee_0254;ID0254
Oil Movement 70;Processing Line A;Employee_0255;ID0255
Oil Movement 70;Processing Line A;Employee_0256;ID0256
Oil Movement 70;Processing Line A;Employee_0257;ID0257
Oil Movement 70;Processing Line A;Employee_0258;ID0258
Oil Movement 70;Processing Line A;Employee_0259;ID0259
Oil Movement 70;Processing Line A;Employee_0260;ID0260
Oil Movement 70;Processing Line A;Employee_0261;ID0261
Oil Movement 70;Processing Line A;Employee_0262;ID0262
Oil Movement 70;Processing Line A;Employee_0263;ID0263
Oil Movement 70;Processing Line A;Employee_0264;ID0264
Oil Movement 70;Processing Line A;Employee_0265;ID0265
Oil Movement 70;Processing Line A;Employee_0266;ID0266
Oil Movement 70;Processing Line A;Employee_0267;ID0267
Oil Movement 70;Processing Line A;Employee_0268;ID0268
Oil Movement 70;Processing Line A;Employee_0269;ID0269
Oil Movement 70;Processing Line A;Employee_0270;ID0270
Oil Movement 70;Processing Line A;Employee_0271;ID0271
Oil Movement 70;Processing Line A;Employee_0272;ID0272
Oil Movement 70;Processing Line A;Employee_0273;ID0273
Oil Movement 70;Processing Line A;Employee_0274;ID0274
Oil Movement 70;Processing Line A;Employee_0275;ID0275
Oil Movement 70;Processing Line A;Employee_0276;ID0276
Oil Movement 70;Processing Line A;Employee_0277;ID0277
Production II;Processing Line B;Employee_0278;ID0278
SRU & IPAL;Processing Line B;Employee_0279;ID0279
SRU & IPAL;Processing Line B;Employee_0280;ID0280
SRU & IPAL;Processing Line B;Employee_0281;ID0281
SRU & IPAL;Processing Line B;Employee_0282;ID0282
SRU & IPAL;Processing Line B;Employee_0283;ID0283
SRU & IPAL;Processing Line B;Employee_0284;ID0284
SRU & IPAL;Processing Line B;Employee_0285;ID0285
SRU & IPAL;Processing Line B;Employee_0286;ID0286
SRU & IPAL;Processing Line B;Employee_0287;ID0287
SRU & IPAL;Processing Line B;Employee_0288;ID0288
SRU & IPAL;Processing Line B;Employee_0289;ID0289
SRU & IPAL;Processing Line B;Employee_0290;ID0290
SRU & IPAL;Processing Line B;Employee_0291;ID0291
SRU & IPAL;Processing Line B;Employee_0292;ID0292
SRU & IPAL;Processing Line B;Employee_0293;ID0293
SRU & IPAL;Processing Line B;Employee_0294;ID0294
SRU & IPAL;Processing Line B;Employee_0295;ID0295
SRU & IPAL;Processing Line B;Employee_0296;ID0296
SRU & IPAL;Processing Line B;Employee_0297;ID0297
SRU & IPAL;Processing Line B;Employee_0298;ID0298
SRU & IPAL;Processing Line B;Employee_0299;ID0299
SRU & IPAL;Processing Line B;Employee_0300;ID0300
SRU & IPAL;Processing Line B;Employee_0301;ID0301
SRU & IPAL;Processing Line B;Employee_0302;ID0302
SRU & IPAL;Processing Line B;Employee_0303;ID0303
SRU & IPAL;Processing Line B;Employee_0304;ID0304
SRU & IPAL;Processing Line B;Employee_0305;ID0305
SRU & IPAL;Processing Line B;Employee_0306;ID0306
SRU & IPAL;Processing Line B;Employee_0307;ID0307
SRU & IPAL;Processing Line B;Employee_0308;ID0308
SRU & IPAL;Processing Line B;Employee_0309;ID0309
SRU & IPAL;Processing Line B;Employee_0310;ID0310
SRU & IPAL;Processing Line B;Employee_0311;ID0311
SRU & IPAL;Processing Line B;Employee_0312;ID0312
SRU & IPAL;Processing Line B;Employee_0313;ID0313
SRU & IPAL;Processing Line B;Employee_0314;ID0314
SRU & IPAL;Processing Line B;Employee_0315;ID0315
SRU & IPAL;Processing Line B;Employee_0316;ID0316
SRU & IPAL;Processing Line B;Employee_0317;ID0317
SRU & IPAL;Processing Line B;Employee_0318;ID0318
SRU & IPAL;Processing Line B;Employee_0319;ID0319
SRU & IPAL;Processing Line B;Employee_0320;ID0320
LOC I;Processing Line B;Employee_0321;ID0321
LOC I;Processing Line B;Employee_0322;ID0322
LOC I;Processing Line B;Employee_0323;ID0323
LOC I;Processing Line B;Employee_0324;ID0324
LOC I;Processing Line B;Employee_0325;ID0325
LOC I;Processing Line B;Employee_0326;ID0326
LOC I;Processing Line B;Employee_0327;ID0327
LOC I;Processing Line B;Employee_0328;ID0328
LOC I;Processing Line B;Employee_0329;ID0329
LOC I;Processing Line B;Employee_0330;ID0330
LOC I;Processing Line B;Employee_0331;ID0331
LOC I;Processing Line B;Employee_0332;ID0332
LOC I;Processing Line B;Employee_0333;ID0333
LOC I;Processing Line B;Employee_0334;ID0334
LOC I;Processing Line B;Employee_0335;ID0335
LOC I;Processing Line B;Employee_0336;ID0336
LOC I;Processing Line B;Employee_0337;ID0337
LOC I;Processing Line B;Employee_0338;ID0338
LOC I;Processing Line B;Employee_0339;ID0339
LOC I;Processing Line B;Employee_0340;ID0340
LOC I;Processing Line B;Employee_0341;ID0341
LOC I;Processing Line B;Employee_0342;ID0342
LOC I;Processing Line B;Employee_0343;ID0343
LOC I;Processing Line B;Employee_0344;ID0344
LOC I;Processing Line B;Employee_0345;ID0345
LOC I;Processing Line B;Employee_0346;ID0346
LOC I;Processing Line B;Employee_0347;ID0347
LOC I;Processing Line B;Employee_0348;ID0348
LOC I;Processing Line B;Employee_0349;ID0349
LOC I;Processing Line B;Employee_0350;ID0350
LOC I;Processing Line B;Employee_0351;ID0351
LOC I;Processing Line B;Employee_0352;ID0352
LOC I;Processing Line B;Employee_0353;ID0353
LOC I;Processing Line B;Employee_0354;ID0354
LOC I;Processing Line B;Employee_0355;ID0355
LOC I;Processing Line B;Employee_0356;ID0356
LOC I;Processing Line B;Employee_0357;ID0357
LOC I;Processing Line B;Employee_0358;ID0358
LOC I;Processing Line B;Employee_0359;ID0359
LOC I;Processing Line B;Employee_0360;ID0360
LOC I;Processing Line B;Employee_0361;ID0361
LOC I;Processing Line B;Employee_0362;ID0362
LOC I;Processing Line B;Employee_0363;ID0363
LOC I;Processing Line B;Employee_0364;ID0364
LOC I;Processing Line B;Employee_0365;ID0365
LOC I;Processing Line B;Employee_0366;ID0366
LOC I;Processing Line B;Employee_0367;ID0367
LOC II;Processing Line B;Employee_0368;ID0368
LOC II;Processing Line B;Employee_0369;ID0369
LOC II;Processing Line B;Employee_0370;ID0370
LOC II;Processing Line B;Employee_0371;ID0371
LOC II;Processing Line B;Employee_0372;ID0372
LOC II;Processing Line B;Employee_0373;ID0373
LOC II;Processing Line B;Employee_0374;ID0374
LOC II;Processing Line B;Employee_0375;ID0375
LOC II;Processing Line B;Employee_0376;ID0376
LOC II;Processing Line B;Employee_0377;ID0377
LOC II;Processing Line B;Employee_0378;ID0378
LOC II;Processing Line B;Employee_0379;ID0379
LOC II;Processing Line B;Employee_0380;ID0380
LOC II;Processing Line B;Employee_0381;ID0381
LOC II;Processing Line B;Employee_0382;ID0382
LOC II;Processing Line B;Employee_0383;ID0383
LOC II;Processing Line B;Employee_0384;ID0384
LOC II;Processing Line B;Employee_0385;ID0385
LOC II;Processing Line B;Employee_0386;ID0386
LOC II;Processing Line B;Employee_0387;ID0387
LOC II;Processing Line B;Employee_0388;ID0388
LOC II;Processing Line B;Employee_0389;ID0389
LOC II;Processing Line B;Employee_0390;ID0390
LOC II;Processing Line B;Employee_0391;ID0391
LOC II;Processing Line B;Employee_0392;ID0392
LOC II;Processing Line B;Employee_0393;ID0393
LOC II;Processing Line B;Employee_0394;ID0394
LOC II;Processing Line B;Employee_0395;ID0395
LOC II;Processing Line B;Employee_0396;ID0396
LOC II;Processing Line B;Employee_0397;ID0397
LOC II;Processing Line B;Employee_0398;ID0398
LOC II;Processing Line B;Employee_0399;ID0399
LOC II;Processing Line B;Employee_0400;ID0400
LOC II;Processing Line B;Employee_0401;ID0401
LOC II;Processing Line B;Employee_0402;ID0402
LOC II;Processing Line B;Employee_0403;ID0403
LOC II;Processing Line B;Employee_0404;ID0404
LOC II;Processing Line B;Employee_0405;ID0405
LOC II;Processing Line B;Employee_0406;ID0406
LOC II;Processing Line B;Employee_0407;ID0407
LOC II;Processing Line B;Employee_0408;ID0408
LOC II;Processing Line B;Employee_0409;ID0409
LOC II;Processing Line B;Employee_0410;ID0410
LOC II;Processing Line B;Employee_0411;ID0411
LOC II;Processing Line B;Employee_0412;ID0412
LOC II;Processing Line B;Employee_0413;ID0413
LOC II;Processing Line B;Employee_0414;ID0414
LOC II;Processing Line B;Employee_0415;ID0415
LOC II;Processing Line B;Employee_0416;ID0416
LOC III;Processing Line B;Employee_0417;ID0417
LOC III;Processing Line B;Employee_0418;ID0418
LOC III;Processing Line B;Employee_0419;ID0419
LOC III;Processing Line B;Employee_0420;ID0420
LOC III;Processing Line B;Employee_0421;ID0421
LOC III;Processing Line B;Employee_0422;ID0422
LOC III;Processing Line B;Employee_0423;ID0423
LOC III;Processing Line B;Employee_0424;ID0424
LOC III;Processing Line B;Employee_0425;ID0425
LOC III;Processing Line B;Employee_0426;ID0426
LOC III;Processing Line B;Employee_0427;ID0427
LOC III;Processing Line B;Employee_0428;ID0428
LOC III;Processing Line B;Employee_0429;ID0429
LOC III;Processing Line B;Employee_0430;ID0430
LOC III;Processing Line B;Employee_0431;ID0431
LOC III;Processing Line B;Employee_0432;ID0432
LOC III;Processing Line B;Employee_0433;ID0433
LOC III;Processing Line B;Employee_0434;ID0434
LOC III;Processing Line B;Employee_0435;ID0435
LOC III;Processing Line B;Employee_0436;ID0436
LOC III;Processing Line B;Employee_0437;ID0437
LOC III;Processing Line B;Employee_0438;ID0438
LOC III;Processing Line B;Employee_0439;ID0439
LOC III;Processing Line B;Employee_0440;ID0440
LOC III;Processing Line B;Employee_0441;ID0441
LOC III;Processing Line B;Employee_0442;ID0442
LOC III;Processing Line B;Employee_0443;ID0443
LOC III;Processing Line B;Employee_0444;ID0444
LOC III;Processing Line B;Employee_0445;ID0445
LOC III;Processing Line B;Employee_0446;ID0446
LOC III;Processing Line B;Employee_0447;ID0447
LOC III;Processing Line B;Employee_0448;ID0448
LOC III;Processing Line B;Employee_0449;ID0449
LOC III;Processing Line B;Employee_0450;ID0450
LOC III;Processing Line B;Employee_0451;ID0451
LOC III;Processing Line B;Employee_0452;ID0452
LOC III;Processing Line B;Employee_0453;ID0453
LOC III;Processing Line B;Employee_0454;ID0454
LOC III;Processing Line B;Employee_0455;ID0455
LOC III;Processing Line B;Employee_0456;ID0456
LOC III;Processing Line B;Employee_0457;ID0457
LOC III;Processing Line B;Employee_0458;ID0458
LOC III;Processing Line B;Employee_0459;ID0459
LOC III;Processing Line B;Employee_0460;ID0460
LOC III;Processing Line B;Employee_0461;ID0461
LOC III;Processing Line B;Employee_0462;ID0462
LOC III;Processing Line B;Employee_0463;ID0463
Paraxylene;Processing Line B;Employee_0464;ID0464
Paraxylene;Processing Line B;Employee_0465;ID0465
Paraxylene;Processing Line B;Employee_0466;ID0466
Paraxylene;Processing Line B;Employee_0467;ID0467
Paraxylene;Processing Line B;Employee_0468;ID0468
Paraxylene;Processing Line B;Employee_0469;ID0469
Paraxylene;Processing Line B;Employee_0470;ID0470
Paraxylene;Processing Line B;Employee_0471;ID0471
Paraxylene;Processing Line B;Employee_0472;ID0472
Paraxylene;Processing Line B;Employee_0473;ID0473
Paraxylene;Processing Line B;Employee_0474;ID0474
Paraxylene;Processing Line B;Employee_0475;ID0475
Paraxylene;Processing Line B;Employee_0476;ID0476
Paraxylene;Processing Line B;Employee_0477;ID0477
Paraxylene;Processing Line B;Employee_0478;ID0478
Paraxylene;Processing Line B;Employee_0479;ID0479
Paraxylene;Processing Line B;Employee_0480;ID0480
Paraxylene;Processing Line B;Employee_0481;ID0481
Paraxylene;Processing Line B;Employee_0482;ID0482
Paraxylene;Processing Line B;Employee_0483;ID0483
Paraxylene;Processing Line B;Employee_0484;ID0484
Paraxylene;Processing Line B;Employee_0485;ID0485
Paraxylene;Processing Line B;Employee_0486;ID0486
Paraxylene;Processing Line B;Employee_0487;ID0487
Paraxylene;Processing Line B;Employee_0488;ID0488
Paraxylene;Processing Line B;Employee_0489;ID0489
Paraxylene;Processing Line B;Employee_0490;ID0490
Paraxylene;Processing Line B;Employee_0491;ID0491
Paraxylene;Processing Line B;Employee_0492;ID0492
Paraxylene;Processing Line B;Employee_0493;ID0493
Paraxylene;Processing Line B;Employee_0494;ID0494
Paraxylene;Processing Line B;Employee_0495;ID0495
Paraxylene;Processing Line B;Employee_0496;ID0496
Paraxylene;Processing Line B;Employee_0497;ID0497
Paraxylene;Processing Line B;Employee_0498;ID0498
Paraxylene;Processing Line B;Employee_0499;ID0499
Paraxylene;Processing Line B;Employee_0500;ID0500
Paraxylene;Processing Line B;Employee_0501;ID0501
Paraxylene;Processing Line B;Employee_0502;ID0502
Paraxylene;Processing Line B;Employee_0503;ID0503
Paraxylene;Processing Line B;Employee_0504;ID0504
Paraxylene;Processing Line B;Employee_0505;ID0505
Paraxylene;Processing Line B;Employee_0506;ID0506
Paraxylene;Processing Line B;Employee_0507;ID0507
Paraxylene;Processing Line B;Employee_0508;ID0508
Paraxylene;Processing Line B;Employee_0509;ID0509
Paraxylene;Processing Line B;Employee_0510;ID0510
Paraxylene;Processing Line B;Employee_0511;ID0511
Paraxylene;Processing Line B;Employee_0512;ID0512
Paraxylene;Processing Line B;Employee_0513;ID0513
Paraxylene;Processing Line B;Employee_0514;ID0514
Paraxylene;Processing Line B;Employee_0515;ID0515
Paraxylene;Processing Line B;Employee_0516;ID0516
Paraxylene;Processing Line B;Employee_0517;ID0517
Paraxylene;Processing Line B;Employee_0518;ID0518
Paraxylene;Processing Line B;Employee_0519;ID0519
Paraxylene;Processing Line B;Employee_0520;ID0520
Paraxylene;Processing Line B;Employee_0521;ID0521
Paraxylene;Processing Line B;Employee_0522;ID0522
Paraxylene;Processing Line B;Employee_0523;ID0523
Paraxylene;Processing Line B;Employee_0524;ID0524
Paraxylene;Processing Line B;Employee_0525;ID0525
Paraxylene;Processing Line B;Employee_0526;ID0526
Paraxylene;Processing Line B;Employee_0527;ID0527
Paraxylene;Processing Line B;Employee_0528;ID0528
Paraxylene;Processing Line B;Employee_0529;ID0529
Production III;Processing Line C;Employee_0530;ID0530
RFCC;Processing Line C;Employee_0531;ID0531
RFCC;Processing Line C;Employee_0532;ID0532
RFCC;Processing Line C;Employee_0533;ID0533
RFCC;Processing Line C;Employee_0534;ID0534
RFCC;Processing Line C;Employee_0535;ID0535
RFCC;Processing Line C;Employee_0536;ID0536
RFCC;Processing Line C;Employee_0537;ID0537
RFCC;Processing Line C;Employee_0538;ID0538
RFCC;Processing Line C;Employee_0539;ID0539
RFCC;Processing Line C;Employee_0540;ID0540
RFCC;Processing Line C;Employee_0541;ID0541
RFCC;Processing Line C;Employee_0542;ID0542
RFCC;Processing Line C;Employee_0543;ID0543
RFCC;Processing Line C;Employee_0544;ID0544
RFCC;Processing Line C;Employee_0545;ID0545
RFCC;Processing Line C;Employee_0546;ID0546
RFCC;Processing Line C;Employee_0547;ID0547
RFCC;Processing Line C;Employee_0548;ID0548
RFCC;Processing Line C;Employee_0549;ID0549
RFCC;Processing Line C;Employee_0550;ID0550
RFCC;Processing Line C;Employee_0551;ID0551
RFCC;Processing Line C;Employee_0552;ID0552
RFCC;Processing Line C;Employee_0553;ID0553
RFCC;Processing Line C;Employee_0554;ID0554
RFCC;Processing Line C;Employee_0555;ID0555
RFCC;Processing Line C;Employee_0556;ID0556
RFCC;Processing Line C;Employee_0557;ID0557
RFCC;Processing Line C;Employee_0558;ID0558
RFCC;Processing Line C;Employee_0559;ID0559
RFCC;Processing Line C;Employee_0560;ID0560
RFCC;Processing Line C;Employee_0561;ID0561
RFCC;Processing Line C;Employee_0562;ID0562
RFCC;Processing Line C;Employee_0563;ID0563
RFCC;Processing Line C;Employee_0564;ID0564
RFCC;Processing Line C;Employee_0565;ID0565
RFCC;Processing Line C;Employee_0566;ID0566
RFCC;Processing Line C;Employee_0567;ID0567
RFCC;Processing Line C;Employee_0568;ID0568
RFCC;Processing Line C;Employee_0569;ID0569
RFCC;Processing Line C;Employee_0570;ID0570
RFCC;Processing Line C;Employee_0571;ID0571
RFCC;Processing Line C;Employee_0572;ID0572
RFCC;Processing Line C;Employee_0573;ID0573
RFCC;Processing Line C;Employee_0574;ID0574
RFCC;Processing Line C;Employee_0575;ID0575
RFCC;Processing Line C;Employee_0576;ID0576
RFCC;Processing Line C;Employee_0577;ID0577
RFCC;Processing Line C;Employee_0578;ID0578
RFCC;Processing Line C;Employee_0579;ID0579
RFCC;Processing Line C;Employee_0580;ID0580
RFCC;Processing Line C;Employee_0581;ID0581
RFCC;Processing Line C;Employee_0582;ID0582
RFCC;Processing Line C;Employee_0583;ID0583
RFCC;Processing Line C;Employee_0584;ID0584
RFCC;Processing Line C;Employee_0585;ID0585
RFCC;Processing Line C;Employee_0586;ID0586
RFCC;Processing Line C;Employee_0587;ID0587
RFCC;Processing Line C;Employee_0588;ID0588
RFCC;Processing Line C;Employee_0589;ID0589
RFCC;Processing Line C;Employee_0590;ID0590
RFCC;Processing Line C;Employee_0591;ID0591
RFCC;Processing Line C;Employee_0592;ID0592
RFCC;Processing Line C;Employee_0593;ID0593
RFCC;Processing Line C;Employee_0594;ID0594
RFCC;Processing Line C;Employee_0595;ID0595
RFCC;Processing Line C;Employee_0596;ID0596
RFCC;Processing Line C;Employee_0597;ID0597
RFCC;Processing Line C;Employee_0598;ID0598
RFCC;Processing Line C;Employee_0599;ID0599
RFCC;Processing Line C;Employee_0600;ID0600
RFCC;Processing Line C;Employee_0601;ID0601
RFCC;Processing Line C;Employee_0602;ID0602
RFCC;Processing Line C;Employee_0603;ID0603
RFCC;Processing Line C;Employee_0604;ID0604
RFCC;Processing Line C;Employee_0605;ID0605
RFCC;Processing Line C;Employee_0606;ID0606
Utilities RFCC;Processing Line C;Employee_0607;ID0607
Utilities RFCC;Processing Line C;Employee_0608;ID0608
Utilities RFCC;Processing Line C;Employee_0609;ID0609
Utilities RFCC;Processing Line C;Employee_0610;ID0610
Utilities RFCC;Processing Line C;Employee_0611;ID0611
Utilities RFCC;Processing Line C;Employee_0612;ID0612
Utilities RFCC;Processing Line C;Employee_0613;ID0613
Utilities RFCC;Processing Line C;Employee_0614;ID0614
Utilities RFCC;Processing Line C;Employee_0615;ID0615
Utilities RFCC;Processing Line C;Employee_0616;ID0616
Utilities RFCC;Processing Line C;Employee_0617;ID0617
Utilities RFCC;Processing Line C;Employee_0618;ID0618
Utilities RFCC;Processing Line C;Employee_0619;ID0619
Utilities RFCC;Processing Line C;Employee_0620;ID0620
Utilities RFCC;Processing Line C;Employee_0621;ID0621
Utilities RFCC;Processing Line C;Employee_0622;ID0622
Utilities RFCC;Processing Line C;Employee_0623;ID0623
Utilities RFCC;Processing Line C;Employee_0624;ID0624
Utilities RFCC;Processing Line C;Employee_0625;ID0625
Utilities RFCC;Processing Line C;Employee_0626;ID0626
Utilities RFCC;Processing Line C;Employee_0627;ID0627
Utilities RFCC;Processing Line C;Employee_0628;ID0628
Utilities RFCC;Processing Line C;Employee_0629;ID0629
Utilities RFCC;Processing Line C;Employee_0630;ID0630
Utilities RFCC;Processing Line C;Employee_0631;ID0631
Utilities RFCC;Processing Line C;Employee_0632;ID0632
Utilities RFCC;Processing Line C;Employee_0633;ID0633
Utilities RFCC;Processing Line C;Employee_0634;ID0634
Utilities RFCC;Processing Line C;Employee_0635;ID0635
Utilities RFCC;Processing Line C;Employee_0636;ID0636
Utilities RFCC;Processing Line C;Employee_0637;ID0637
Utilities RFCC;Processing Line C;Employee_0638;ID0638
Utilities RFCC;Processing Line C;Employee_0639;ID0639
Utilities RFCC;Processing Line C;Employee_0640;ID0640
Utilities RFCC;Processing Line C;Employee_0641;ID0641
Utilities RFCC;Processing Line C;Employee_0642;ID0642
Utilities RFCC;Processing Line C;Employee_0643;ID0643
Utilities RFCC;Processing Line C;Employee_0644;ID0644
Utilities RFCC;Processing Line C;Employee_0645;ID0645
Utilities RFCC;Processing Line C;Employee_0646;ID0646
Utilities RFCC;Processing Line C;Employee_0647;ID0647
Utilities RFCC;Processing Line C;Employee_0648;ID0648
Utilities RFCC;Processing Line C;Employee_0649;ID0649
GTO RFCC;Processing Line C;Employee_0650;ID0650
GTO RFCC;Processing Line C;Employee_0651;ID0651
GTO RFCC;Processing Line C;Employee_0652;ID0652
GTO RFCC;Processing Line C;Employee_0653;ID0653
GTO RFCC;Processing Line C;Employee_0654;ID0654
GTO RFCC;Processing Line C;Employee_0655;ID0655
GTO RFCC;Processing Line C;Employee_0656;ID0656
GTO RFCC;Processing Line C;Employee_0657;ID0657
GTO RFCC;Processing Line C;Employee_0658;ID0658
GTO RFCC;Processing Line C;Employee_0659;ID0659
GTO RFCC;Processing Line C;Employee_0660;ID0660
GTO RFCC;Processing Line C;Employee_0661;ID0661
GTO RFCC;Processing Line C;Employee_0662;ID0662
GTO RFCC;Processing Line C;Employee_0663;ID0663
GTO RFCC;Processing Line C;Employee_0664;ID0664
GTO RFCC;Processing Line C;Employee_0665;ID0665
GTO RFCC;Processing Line C;Employee_0666;ID0666
GTO RFCC;Processing Line C;Employee_0667;ID0667
GTO RFCC;Processing Line C;Employee_0668;ID0668
GTO RFCC;Processing Line C;Employee_0669;ID0669
GTO RFCC;Processing Line C;Employee_0670;ID0670
GTO RFCC;Processing Line C;Employee_0671;ID0671
GTO RFCC;Processing Line C;Employee_0672;ID0672
GTO RFCC;Processing Line C;Employee_0673;ID0673
GTO RFCC;Processing Line C;Employee_0674;ID0674
GTO RFCC;Processing Line C;Employee_0675;ID0675
GTO RFCC;Processing Line C;Employee_0676;ID0676
GTO RFCC;Processing Line C;Employee_0677;ID0677
GTO RFCC;Processing Line C;Employee_0678;ID0678
GTO RFCC;Processing Line C;Employee_0679;ID0679
GTO RFCC;Processing Line C;Employee_0680;ID0680
GTO RFCC;Processing Line C;Employee_0681;ID0681
GTO RFCC;Processing Line C;Employee_0682;ID0682
GTO RFCC;Processing Line C;Employee_0683;ID0683
GTO RFCC;Processing Line C;Employee_0684;ID0684
GTO RFCC;Processing Line C;Employee_0685;ID0685
GTO RFCC;Processing Line C;Employee_0686;ID0686
GTO RFCC;Processing Line C;Employee_0687;ID0687
GTO RFCC;Processing Line C;Employee_0688;ID0688
GTO RFCC;Processing Line C;Employee_0689;ID0689
GTO RFCC;Processing Line C;Employee_0690;ID0690
GTO RFCC;Processing Line C;Employee_0691;ID0691
GTO RFCC;Processing Line C;Employee_0692;ID0692
GTO RFCC;Processing Line C;Employee_0693;ID0693
GTO RFCC;Processing Line C;Employee_0694;ID0694
GTO RFCC;Processing Line C;Employee_0695;ID0695
GTO RFCC;Processing Line C;Employee_0696;ID0696
GTO RFCC;Processing Line C;Employee_0697;ID0697
GTO RFCC;Processing Line C;Employee_0698;ID0698
GTO RFCC;Processing Line C;Employee_0699;ID0699
GTO RFCC;Processing Line C;Employee_0700;ID0700
GTO RFCC;Processing Line C;Employee_0701;ID0701
GTO RFCC;Processing Line C;Employee_0702;ID0702
GTO RFCC;Processing Line C;Employee_0703;ID0703
GTO RFCC;Processing Line C;Employee_0704;ID0704
Utilities;Processing Line C;Employee_0705;ID0705
Utilities;Processing Line C;Employee_0706;ID0706
Utilities;Processing Line C;Employee_0707;ID0707
Utilities;Processing Line C;Employee_0708;ID0708
Utilities;Processing Line C;Employee_0709;ID0709
Utilities;Processing Line C;Employee_0710;ID0710
Utilities;Processing Line C;Employee_0711;ID0711
Utilities;Processing Line C;Employee_0712;ID0712
Utilities;Processing Line C;Employee_0713;ID0713
Utilities;Processing Line C;Employee_0714;ID0714
Utilities;Processing Line C;Employee_0715;ID0715
Utilities;Processing Line C;Employee_0716;ID0716
Utilities;Processing Line C;Employee_0717;ID0717
Utilities;Processing Line C;Employee_0718;ID0718
Utilities;Processing Line C;Employee_0719;ID0719
Utilities;Processing Line C;Employee_0720;ID0720
Utilities;Processing Line C;Employee_0721;ID0721
Utilities;Processing Line C;Employee_0722;ID0722
Utilities;Processing Line C;Employee_0723;ID0723
Utilities;Processing Line C;Employee_0724;ID0724
Utilities;Processing Line C;Employee_0725;ID0725
Utilities;Processing Line C;Employee_0726;ID0726
Utilities;Processing Line C;Employee_0727;ID0727
Utilities;Processing Line C;Employee_0728;ID0728
Utilities;Processing Line C;Employee_0729;ID0729
Utilities;Processing Line C;Employee_0730;ID0730
Utilities;Processing Line C;Employee_0731;ID0731
Utilities;Processing Line C;Employee_0732;ID0732
Utilities;Processing Line C;Employee_0733;ID0733
Utilities;Processing Line C;Employee_0734;ID0734
Utilities;Processing Line C;Employee_0735;ID0735
Utilities;Processing Line C;Employee_0736;ID0736
Utilities;Processing Line C;Employee_0737;ID0737
Utilities;Processing Line C;Employee_0738;ID0738
Utilities;Processing Line C;Employee_0739;ID0739
Utilities;Processing Line C;Employee_0740;ID0740
Utilities;Processing Line C;Employee_0741;ID0741
Utilities;Processing Line C;Employee_0742;ID0742
Utilities;Processing Line C;Employee_0743;ID0743
Utilities;Processing Line C;Employee_0744;ID0744
Utilities;Processing Line C;Employee_0745;ID0745
Utilities;Processing Line C;Employee_0746;ID0746
Utilities;Processing Line C;Employee_0747;ID0747
Utilities;Processing Line C;Employee_0748;ID0748
Utilities;Processing Line C;Employee_0749;ID0749
Utilities;Processing Line C;Employee_0750;ID0750
Utilities;Processing Line C;Employee_0751;ID0751
Utilities;Processing Line C;Employee_0752;ID0752
Utilities;Processing Line C;Employee_0753;ID0753
Utilities;Processing Line C;Employee_0754;ID0754
Utilities;Processing Line C;Employee_0755;ID0755
Utilities;Processing Line C;Employee_0756;ID0756
Utilities;Processing Line C;Employee_0757;ID0757
Utilities;Processing Line C;Employee_0758;ID0758
Utilities;Processing Line C;Employee_0759;ID0759
Utilities;Processing Line C;Employee_0760;ID0760
Utilities;Processing Line C;Employee_0761;ID0761
Utilities;Processing Line C;Employee_0762;ID0762
Utilities;Processing Line C;Employee_0763;ID0763
Utilities;Processing Line C;Employee_0764;ID0764
Utilities;Processing Line C;Employee_0765;ID0765
Utilities;Processing Line C;Employee_0766;ID0766
Utilities;Processing Line C;Employee_0767;ID0767
Utilities;Processing Line C;Employee_0768;ID0768
Utilities;Processing Line C;Employee_0769;ID0769
Utilities;Processing Line C;Employee_0770;ID0770
Utilities;Processing Line C;Employee_0771;ID0771
Utilities;Processing Line C;Employee_0772;ID0772
Utilities;Processing Line C;Employee_0773;ID0773
Utilities;Processing Line C;Employee_0774;ID0774
Utilities;Processing Line C;Employee_0775;ID0775
Utilities;Processing Line C;Employee_0776;ID0776
Utilities;Processing Line C;Employee_0777;ID0777
Utilities;Processing Line C;Employee_0778;ID0778
Utilities;Processing Line C;Employee_0779;ID0779
Utilities;Processing Line C;Employee_0780;ID0780
Utilities;Processing Line C;Employee_0781;ID0781
Utilities;Processing Line C;Employee_0782;ID0782
Utilities;Processing Line C;Employee_0783;ID0783
Utilities;Processing Line C;Employee_0784;ID0784
Utilities;Processing Line C;Employee_0785;ID0785
Utilities;Processing Line C;Employee_0786;ID0786
Utilities;Processing Line C;Employee_0787;ID0787
Utilities;Processing Line C;Employee_0788;ID0788
Utilities;Processing Line C;Employee_0789;ID0789
Utilities;Processing Line C;Employee_0790;ID0790
Utilities;Processing Line C;Employee_0791;ID0791
Utilities;Processing Line C;Employee_0792;ID0792
Utilities;Processing Line C;Employee_0793;ID0793
Utilities;Processing Line C;Employee_0794;ID0794
Utilities;Processing Line C;Employee_0795;ID0795
Utilities;Processing Line C;Employee_0796;ID0796
Utilities;Processing Line C;Employee_0797;ID0797
Utilities;Processing Line C;Employee_0798;ID0798
Utilities;Processing Line C;Employee_0799;ID0799
Utilities;Processing Line C;Employee_0800;ID0800
Utilities;Processing Line C;Employee_0801;ID0801
Utilities;Processing Line C;Employee_0802;ID0802
Utilities;Processing Line C;Employee_0803;ID0803
Utilities;Processing Line C;Employee_0804;ID0804
Utilities;Processing Line C;Employee_0805;ID0805
Utilities;Processing Line C;Employee_0806;ID0806
Utilities;Processing Line C;Employee_0807;ID0807
Utilities;Processing Line C;Employee_0808;ID0808
Utilities;Processing Line C;Employee_0809;ID0809
Utilities;Processing Line C;Employee_0810;ID0810
Utilities;Processing Line C;Employee_0811;ID0811
Utilities;Processing Line C;Employee_0812;ID0812
Utilities;Processing Line C;Employee_0813;ID0813
Refinery Business & Optimization;Business Performance & Optimization;Employee_0814;ID0814
Refinery Planning ;Business Performance & Optimization;Employee_0815;ID0815
Refinery Planning ;Business Performance & Optimization;Employee_0816;ID0816
Refinery Planning ;Business Performance & Optimization;Employee_0817;ID0817
Refinery Planning ;Business Performance & Optimization;Employee_0818;ID0818
Refinery Planning ;Business Performance & Optimization;Employee_0819;ID0819
Supply Chain & Distribution;Business Performance & Optimization;Employee_0820;ID0820
Supply Chain & Distribution;Business Performance & Optimization;Employee_0821;ID0821
Supply Chain & Distribution;Business Performance & Optimization;Employee_0822;ID0822
Supply Chain & Distribution;Business Performance & Optimization;Employee_0823;ID0823
Supply Chain & Distribution;Business Performance & Optimization;Employee_0824;ID0824
Supply Chain & Distribution;Business Performance & Optimization;Employee_0825;ID0825
Supply Chain & Distribution;Business Performance & Optimization;Employee_0826;ID0826
Supply Chain & Distribution;Business Performance & Optimization;Employee_0827;ID0827
Supply Chain & Distribution;Business Performance & Optimization;Employee_0828;ID0828
Supply Chain & Distribution;Business Performance & Optimization;Employee_0829;ID0829
Supply Chain & Distribution;Business Performance & Optimization;Employee_0830;ID0830
Supply Chain & Distribution;Business Performance & Optimization;Employee_0831;ID0831
Supply Chain & Distribution;Business Performance & Optimization;Employee_0832;ID0832
Performance Business & Evaluation;Business Performance & Optimization;Employee_0833;ID0833
Performance Business & Evaluation;Business Performance & Optimization;Employee_0834;ID0834
Performance Business & Evaluation;Business Performance & Optimization;Employee_0835;ID0835
Performance Business & Evaluation;Business Performance & Optimization;Employee_0836;ID0836
Maintenance Planning & Support;Maintenance Strategy & Planning;Employee_0837;ID0837
Planning & Scheduling;Maintenance Strategy & Planning;Employee_0838;ID0838
Planning & Scheduling;Maintenance Strategy & Planning;Employee_0839;ID0839
Planning & Scheduling;Maintenance Strategy & Planning;Employee_0840;ID0840
Planning & Scheduling;Maintenance Strategy & Planning;Employee_0841;ID0841
Planning & Scheduling;Maintenance Strategy & Planning;Employee_0842;ID0842
Planning & Scheduling;Maintenance Strategy & Planning;Employee_0843;ID0843
Planning & Scheduling;Maintenance Strategy & Planning;Employee_0844;ID0844
Planning & Scheduling;Maintenance Strategy & Planning;Employee_0845;ID0845
Planning & Scheduling;Maintenance Strategy & Planning;Employee_0846;ID0846
Planning & Scheduling;Maintenance Strategy & Planning;Employee_0847;ID0847
Planning & Scheduling;Maintenance Strategy & Planning;Employee_0848;ID0848
Planning & Scheduling;Maintenance Strategy & Planning;Employee_0849;ID0849
Planning & Scheduling;Maintenance Strategy & Planning;Employee_0850;ID0850
Planning & Scheduling;Maintenance Strategy & Planning;Employee_0851;ID0851
Planning & Scheduling;Maintenance Strategy & Planning;Employee_0852;ID0852
Planning & Scheduling;Maintenance Strategy & Planning;Employee_0853;ID0853
Planning & Scheduling;Maintenance Strategy & Planning;Employee_0854;ID0854
Planning & Scheduling;Maintenance Strategy & Planning;Employee_0855;ID0855
Planning & Scheduling;Maintenance Strategy & Planning;Employee_0856;ID0856
Planning & Scheduling;Maintenance Strategy & Planning;Employee_0857;ID0857
Planning & Scheduling;Maintenance Strategy & Planning;Employee_0858;ID0858
Planning & Scheduling;Maintenance Strategy & Planning;Employee_0859;ID0859
Planning & Scheduling;Maintenance Strategy & Planning;Employee_0860;ID0860
Planning & Scheduling;Maintenance Strategy & Planning;Employee_0861;ID0861
Planning & Scheduling;Maintenance Strategy & Planning;Employee_0862;ID0862
Planning & Scheduling;Maintenance Strategy & Planning;Employee_0863;ID0863
Planning & Scheduling;Maintenance Strategy & Planning;Employee_0864;ID0864
Planning & Scheduling;Maintenance Strategy & Planning;Employee_0865;ID0865
Stationary &  Statutory Inspection;Maintenance Strategy & Planning;Employee_0866;ID0866
Stationary &  Statutory Inspection;Maintenance Strategy & Planning;Employee_0867;ID0867
Stationary &  Statutory Inspection;Maintenance Strategy & Planning;Employee_0868;ID0868
Stationary &  Statutory Inspection;Maintenance Strategy & Planning;Employee_0869;ID0869
Stationary &  Statutory Inspection;Maintenance Strategy & Planning;Employee_0870;ID0870
Stationary &  Statutory Inspection;Maintenance Strategy & Planning;Employee_0871;ID0871
Stationary &  Statutory Inspection;Maintenance Strategy & Planning;Employee_0872;ID0872
Stationary &  Statutory Inspection;Maintenance Strategy & Planning;Employee_0873;ID0873
Stationary &  Statutory Inspection;Maintenance Strategy & Planning;Employee_0874;ID0874
Stationary &  Statutory Inspection;Maintenance Strategy & Planning;Employee_0875;ID0875
Stationary &  Statutory Inspection;Maintenance Strategy & Planning;Employee_0876;ID0876
Stationary &  Statutory Inspection;Maintenance Strategy & Planning;Employee_0877;ID0877
Stationary &  Statutory Inspection;Maintenance Strategy & Planning;Employee_0878;ID0878
Stationary &  Statutory Inspection;Maintenance Strategy & Planning;Employee_0879;ID0879
Stationary &  Statutory Inspection;Maintenance Strategy & Planning;Employee_0880;ID0880
Stationary &  Statutory Inspection;Maintenance Strategy & Planning;Employee_0881;ID0881
Stationary &  Statutory Inspection;Maintenance Strategy & Planning;Employee_0882;ID0882
Stationary &  Statutory Inspection;Maintenance Strategy & Planning;Employee_0883;ID0883
Stationary &  Statutory Inspection;Maintenance Strategy & Planning;Employee_0884;ID0884
Stationary &  Statutory Inspection;Maintenance Strategy & Planning;Employee_0885;ID0885
Stationary &  Statutory Inspection;Maintenance Strategy & Planning;Employee_0886;ID0886
Stationary &  Statutory Inspection;Maintenance Strategy & Planning;Employee_0887;ID0887
Stationary &  Statutory Inspection;Maintenance Strategy & Planning;Employee_0888;ID0888
Electrical & Instrument  Inspection;Maintenance Strategy & Planning;Employee_0889;ID0889
Electrical & Instrument  Inspection;Maintenance Strategy & Planning;Employee_0890;ID0890
Electrical & Instrument  Inspection;Maintenance Strategy & Planning;Employee_0891;ID0891
Electrical & Instrument  Inspection;Maintenance Strategy & Planning;Employee_0892;ID0892
Electrical & Instrument  Inspection;Maintenance Strategy & Planning;Employee_0893;ID0893
Electrical & Instrument  Inspection;Maintenance Strategy & Planning;Employee_0894;ID0894
Electrical & Instrument  Inspection;Maintenance Strategy & Planning;Employee_0895;ID0895
Electrical & Instrument  Inspection;Maintenance Strategy & Planning;Employee_0896;ID0896
Electrical & Instrument  Inspection;Maintenance Strategy & Planning;Employee_0897;ID0897
Electrical & Instrument  Inspection;Maintenance Strategy & Planning;Employee_0898;ID0898
Electrical & Instrument  Inspection;Maintenance Strategy & Planning;Employee_0899;ID0899
Electrical & Instrument  Inspection;Maintenance Strategy & Planning;Employee_0900;ID0900
Electrical & Instrument  Inspection;Maintenance Strategy & Planning;Employee_0901;ID0901
Electrical & Instrument  Inspection;Maintenance Strategy & Planning;Employee_0902;ID0902
Electrical & Instrument  Inspection;Maintenance Strategy & Planning;Employee_0903;ID0903
Electrical & Instrument  Inspection;Maintenance Strategy & Planning;Employee_0904;ID0904
Electrical & Instrument  Inspection;Maintenance Strategy & Planning;Employee_0905;ID0905
Electrical & Instrument  Inspection;Maintenance Strategy & Planning;Employee_0906;ID0906
Electrical & Instrument  Inspection;Maintenance Strategy & Planning;Employee_0907;ID0907
Electrical & Instrument  Inspection;Maintenance Strategy & Planning;Employee_0908;ID0908
Electrical & Instrument  Inspection;Maintenance Strategy & Planning;Employee_0909;ID0909
Rotating Equipment  Inspection;Maintenance Strategy & Planning;Employee_0910;ID0910
Rotating Equipment  Inspection;Maintenance Strategy & Planning;Employee_0911;ID0911
Rotating Equipment  Inspection;Maintenance Strategy & Planning;Employee_0912;ID0912
Rotating Equipment  Inspection;Maintenance Strategy & Planning;Employee_0913;ID0913
Rotating Equipment  Inspection;Maintenance Strategy & Planning;Employee_0914;ID0914
Rotating Equipment  Inspection;Maintenance Strategy & Planning;Employee_0915;ID0915
Rotating Equipment  Inspection;Maintenance Strategy & Planning;Employee_0916;ID0916
Rotating Equipment  Inspection;Maintenance Strategy & Planning;Employee_0917;ID0917
Rotating Equipment  Inspection;Maintenance Strategy & Planning;Employee_0918;ID0918
Rotating Equipment  Inspection;Maintenance Strategy & Planning;Employee_0919;ID0919
Rotating Equipment  Inspection;Maintenance Strategy & Planning;Employee_0920;ID0920
Rotating Equipment  Inspection;Maintenance Strategy & Planning;Employee_0921;ID0921
Rotating Equipment  Inspection;Maintenance Strategy & Planning;Employee_0922;ID0922
Rotating Equipment  Inspection;Maintenance Strategy & Planning;Employee_0923;ID0923
Rotating Equipment  Inspection;Maintenance Strategy & Planning;Employee_0924;ID0924
Rotating Equipment  Inspection;Maintenance Strategy & Planning;Employee_0925;ID0925
Rotating Equipment  Inspection;Maintenance Strategy & Planning;Employee_0926;ID0926
Rotating Equipment  Inspection;Maintenance Strategy & Planning;Employee_0927;ID0927
Maintenance Execution I;Mechanical Maintenance Team;Employee_0928;ID0928
General Maintenance;Mechanical Maintenance Team;Employee_0929;ID0929
General Maintenance;Mechanical Maintenance Team;Employee_0930;ID0930
General Maintenance;Mechanical Maintenance Team;Employee_0931;ID0931
General Maintenance;Mechanical Maintenance Team;Employee_0932;ID0932
General Maintenance;Mechanical Maintenance Team;Employee_0933;ID0933
General Maintenance;Mechanical Maintenance Team;Employee_0934;ID0934
General Maintenance;Mechanical Maintenance Team;Employee_0935;ID0935
Maintenance Area 1;Mechanical Maintenance Team;Employee_0936;ID0936
Maintenance Area 1;Mechanical Maintenance Team;Employee_0937;ID0937
Maintenance Area 1;Mechanical Maintenance Team;Employee_0938;ID0938
Maintenance Area 1;Mechanical Maintenance Team;Employee_0939;ID0939
Maintenance Area 1;Mechanical Maintenance Team;Employee_0940;ID0940
Maintenance Area 1;Mechanical Maintenance Team;Employee_0941;ID0941
Maintenance Area 1;Mechanical Maintenance Team;Employee_0942;ID0942
Maintenance Area 1;Mechanical Maintenance Team;Employee_0943;ID0943
Maintenance Area 1;Mechanical Maintenance Team;Employee_0944;ID0944
Maintenance Area 1;Mechanical Maintenance Team;Employee_0945;ID0945
Maintenance Area 1;Mechanical Maintenance Team;Employee_0946;ID0946
Maintenance Area 1;Mechanical Maintenance Team;Employee_0947;ID0947
Maintenance Area 1;Mechanical Maintenance Team;Employee_0948;ID0948
Maintenance Area 1;Mechanical Maintenance Team;Employee_0949;ID0949
Maintenance Area 1;Mechanical Maintenance Team;Employee_0950;ID0950
Maintenance Area 1;Mechanical Maintenance Team;Employee_0951;ID0951
Maintenance Area 1;Mechanical Maintenance Team;Employee_0952;ID0952
Maintenance Area 1;Mechanical Maintenance Team;Employee_0953;ID0953
Maintenance Area 1;Mechanical Maintenance Team;Employee_0954;ID0954
Maintenance Area 1;Mechanical Maintenance Team;Employee_0955;ID0955
Maintenance Area 1;Mechanical Maintenance Team;Employee_0956;ID0956
Maintenance Area 2;Mechanical Maintenance Team;Employee_0957;ID0957
Maintenance Area 2;Mechanical Maintenance Team;Employee_0958;ID0958
Maintenance Area 2;Mechanical Maintenance Team;Employee_0959;ID0959
Maintenance Area 2;Mechanical Maintenance Team;Employee_0960;ID0960
Maintenance Area 2;Mechanical Maintenance Team;Employee_0961;ID0961
Maintenance Area 2;Mechanical Maintenance Team;Employee_0962;ID0962
Maintenance Area 2;Mechanical Maintenance Team;Employee_0963;ID0963
Maintenance Area 2;Mechanical Maintenance Team;Employee_0964;ID0964
Maintenance Area 2;Mechanical Maintenance Team;Employee_0965;ID0965
Maintenance Area 2;Mechanical Maintenance Team;Employee_0966;ID0966
Maintenance Area 2;Mechanical Maintenance Team;Employee_0967;ID0967
Maintenance Area 2;Mechanical Maintenance Team;Employee_0968;ID0968
Maintenance Area 2;Mechanical Maintenance Team;Employee_0969;ID0969
Maintenance Area 2;Mechanical Maintenance Team;Employee_0970;ID0970
Maintenance Area 2;Mechanical Maintenance Team;Employee_0971;ID0971
Maintenance Area 2;Mechanical Maintenance Team;Employee_0972;ID0972
Maintenance Area 2;Mechanical Maintenance Team;Employee_0973;ID0973
Maintenance Area 2;Mechanical Maintenance Team;Employee_0974;ID0974
Maintenance Area 2;Mechanical Maintenance Team;Employee_0975;ID0975
Maintenance Area 2;Mechanical Maintenance Team;Employee_0976;ID0976
Maintenance Area 2;Mechanical Maintenance Team;Employee_0977;ID0977
Maintenance Area 2;Mechanical Maintenance Team;Employee_0978;ID0978
Maintenance Area 3;Mechanical Maintenance Team;Employee_0979;ID0979
Maintenance Area 3;Mechanical Maintenance Team;Employee_0980;ID0980
Maintenance Area 3;Mechanical Maintenance Team;Employee_0981;ID0981
Maintenance Area 3;Mechanical Maintenance Team;Employee_0982;ID0982
Maintenance Area 3;Mechanical Maintenance Team;Employee_0983;ID0983
Maintenance Area 3;Mechanical Maintenance Team;Employee_0984;ID0984
Maintenance Area 3;Mechanical Maintenance Team;Employee_0985;ID0985
Maintenance Area 3;Mechanical Maintenance Team;Employee_0986;ID0986
Maintenance Area 3;Mechanical Maintenance Team;Employee_0987;ID0987
Maintenance Area 3;Mechanical Maintenance Team;Employee_0988;ID0988
Maintenance Area 3;Mechanical Maintenance Team;Employee_0989;ID0989
Maintenance Area 3;Mechanical Maintenance Team;Employee_0990;ID0990
Maintenance Area 3;Mechanical Maintenance Team;Employee_0991;ID0991
Maintenance Area 3;Mechanical Maintenance Team;Employee_0992;ID0992
Maintenance Area 3;Mechanical Maintenance Team;Employee_0993;ID0993
Maintenance Area 3;Mechanical Maintenance Team;Employee_0994;ID0994
Maintenance Area 3;Mechanical Maintenance Team;Employee_0995;ID0995
Maintenance Area 3;Mechanical Maintenance Team;Employee_0996;ID0996
Maintenance Area 3;Mechanical Maintenance Team;Employee_0997;ID0997
Maintenance Area 3;Mechanical Maintenance Team;Employee_0998;ID0998
Maintenance Area 3;Mechanical Maintenance Team;Employee_0999;ID0999
Maintenance Area 3;Mechanical Maintenance Team;Employee_1000;ID1000
Maintenance Area 3;Mechanical Maintenance Team;Employee_1001;ID1001
Maintenance Area 3;Mechanical Maintenance Team;Employee_1002;ID1002
Maintenance Area 3;Mechanical Maintenance Team;Employee_1003;ID1003
Maintenance Area 3;Mechanical Maintenance Team;Employee_1004;ID1004
Maintenance Area 3;Mechanical Maintenance Team;Employee_1005;ID1005
Maintenance Area 4;Mechanical Maintenance Team;Employee_1006;ID1006
Maintenance Area 4;Mechanical Maintenance Team;Employee_1007;ID1007
Maintenance Area 4;Mechanical Maintenance Team;Employee_1008;ID1008
Maintenance Area 4;Mechanical Maintenance Team;Employee_1009;ID1009
Maintenance Area 4;Mechanical Maintenance Team;Employee_1010;ID1010
Maintenance Area 4;Mechanical Maintenance Team;Employee_1011;ID1011
Maintenance Area 4;Mechanical Maintenance Team;Employee_1012;ID1012
Maintenance Area 4;Mechanical Maintenance Team;Employee_1013;ID1013
Maintenance Area 4;Mechanical Maintenance Team;Employee_1014;ID1014
Maintenance Area 4;Mechanical Maintenance Team;Employee_1015;ID1015
Maintenance Area 4;Mechanical Maintenance Team;Employee_1016;ID1016
Maintenance Area 4;Mechanical Maintenance Team;Employee_1017;ID1017
Maintenance Area 4;Mechanical Maintenance Team;Employee_1018;ID1018
Maintenance Area 4;Mechanical Maintenance Team;Employee_1019;ID1019
Maintenance Area 4;Mechanical Maintenance Team;Employee_1020;ID1020
Maintenance Area 4;Mechanical Maintenance Team;Employee_1021;ID1021
Maintenance Area 4;Mechanical Maintenance Team;Employee_1022;ID1022
Maintenance Area 4;Mechanical Maintenance Team;Employee_1023;ID1023
Maintenance Area 4;Mechanical Maintenance Team;Employee_1024;ID1024
Maintenance Area 4;Mechanical Maintenance Team;Employee_1025;ID1025
Maintenance Area 4;Mechanical Maintenance Team;Employee_1026;ID1026
Maintenance Area 4;Mechanical Maintenance Team;Employee_1027;ID1027
Maintenance Area 4;Mechanical Maintenance Team;Employee_1028;ID1028
Maintenance Area 4;Mechanical Maintenance Team;Employee_1029;ID1029
Maintenance Area 4;Mechanical Maintenance Team;Employee_1030;ID1030
Maintenance Execution II;Electrical & Instrument Maintenance;Employee_1031;ID1031
Maintenance Area 5;Electrical & Instrument Maintenance;Employee_1032;ID1032
Maintenance Area 5;Electrical & Instrument Maintenance;Employee_1033;ID1033
Maintenance Area 5;Electrical & Instrument Maintenance;Employee_1034;ID1034
Maintenance Area 5;Electrical & Instrument Maintenance;Employee_1035;ID1035
Maintenance Area 5;Electrical & Instrument Maintenance;Employee_1036;ID1036
Maintenance Area 5;Electrical & Instrument Maintenance;Employee_1037;ID1037
Maintenance Area 5;Electrical & Instrument Maintenance;Employee_1038;ID1038
Maintenance Area 5;Electrical & Instrument Maintenance;Employee_1039;ID1039
Maintenance Area 5;Electrical & Instrument Maintenance;Employee_1040;ID1040
Maintenance Area 5;Electrical & Instrument Maintenance;Employee_1041;ID1041
Maintenance Area 5;Electrical & Instrument Maintenance;Employee_1042;ID1042
Maintenance Area 5;Electrical & Instrument Maintenance;Employee_1043;ID1043
Maintenance Area 5;Electrical & Instrument Maintenance;Employee_1044;ID1044
Maintenance Area 5;Electrical & Instrument Maintenance;Employee_1045;ID1045
Maintenance Area 5;Electrical & Instrument Maintenance;Employee_1046;ID1046
Maintenance Area 5;Electrical & Instrument Maintenance;Employee_1047;ID1047
Maintenance Area 5;Electrical & Instrument Maintenance;Employee_1048;ID1048
Maintenance Area 5;Electrical & Instrument Maintenance;Employee_1049;ID1049
Maintenance Area 5;Electrical & Instrument Maintenance;Employee_1050;ID1050
Maintenance Area 5;Electrical & Instrument Maintenance;Employee_1051;ID1051
Maintenance Area 5;Electrical & Instrument Maintenance;Employee_1052;ID1052
Maintenance Area 5;Electrical & Instrument Maintenance;Employee_1053;ID1053
Maintenance Area 5;Electrical & Instrument Maintenance;Employee_1054;ID1054
Maintenance Area 5;Electrical & Instrument Maintenance;Employee_1055;ID1055
Maintenance Area 5;Electrical & Instrument Maintenance;Employee_1056;ID1056
Maintenance Area 5;Electrical & Instrument Maintenance;Employee_1057;ID1057
Maintenance Area 5;Electrical & Instrument Maintenance;Employee_1058;ID1058
Maintenance Area 5;Electrical & Instrument Maintenance;Employee_1059;ID1059
Maintenance Area 6;Electrical & Instrument Maintenance;Employee_1060;ID1060
Maintenance Area 6;Electrical & Instrument Maintenance;Employee_1061;ID1061
Maintenance Area 6;Electrical & Instrument Maintenance;Employee_1062;ID1062
Maintenance Area 6;Electrical & Instrument Maintenance;Employee_1063;ID1063
Maintenance Area 6;Electrical & Instrument Maintenance;Employee_1064;ID1064
Maintenance Area 6;Electrical & Instrument Maintenance;Employee_1065;ID1065
Maintenance Area 6;Electrical & Instrument Maintenance;Employee_1066;ID1066
Maintenance Area 6;Electrical & Instrument Maintenance;Employee_1067;ID1067
Maintenance Area 6;Electrical & Instrument Maintenance;Employee_1068;ID1068
Maintenance Area 6;Electrical & Instrument Maintenance;Employee_1069;ID1069
Maintenance Area 6;Electrical & Instrument Maintenance;Employee_1070;ID1070
Maintenance Area 6;Electrical & Instrument Maintenance;Employee_1071;ID1071
Maintenance Area 6;Electrical & Instrument Maintenance;Employee_1072;ID1072
Maintenance Area 6;Electrical & Instrument Maintenance;Employee_1073;ID1073
Maintenance Area 6;Electrical & Instrument Maintenance;Employee_1074;ID1074
Maintenance Area 6;Electrical & Instrument Maintenance;Employee_1075;ID1075
Maintenance Area 6;Electrical & Instrument Maintenance;Employee_1076;ID1076
Maintenance Area 6;Electrical & Instrument Maintenance;Employee_1077;ID1077
Maintenance Area 6;Electrical & Instrument Maintenance;Employee_1078;ID1078
Maintenance Area 6;Electrical & Instrument Maintenance;Employee_1079;ID1079
Maintenance Area 6;Electrical & Instrument Maintenance;Employee_1080;ID1080
Maintenance Area 6;Electrical & Instrument Maintenance;Employee_1081;ID1081
Maintenance Area 6;Electrical & Instrument Maintenance;Employee_1082;ID1082
Maintenance Area 6;Electrical & Instrument Maintenance;Employee_1083;ID1083
Maintenance Area 6;Electrical & Instrument Maintenance;Employee_1084;ID1084
Maintenance Area 6;Electrical & Instrument Maintenance;Employee_1085;ID1085
Maintenance Area 6;Electrical & Instrument Maintenance;Employee_1086;ID1086
Maintenance Area 6;Electrical & Instrument Maintenance;Employee_1087;ID1087
Maintenance Area 7;Electrical & Instrument Maintenance;Employee_1088;ID1088
Maintenance Area 7;Electrical & Instrument Maintenance;Employee_1089;ID1089
Maintenance Area 7;Electrical & Instrument Maintenance;Employee_1090;ID1090
Maintenance Area 7;Electrical & Instrument Maintenance;Employee_1091;ID1091
Maintenance Area 7;Electrical & Instrument Maintenance;Employee_1092;ID1092
Maintenance Area 7;Electrical & Instrument Maintenance;Employee_1093;ID1093
Maintenance Area 7;Electrical & Instrument Maintenance;Employee_1094;ID1094
Maintenance Area 7;Electrical & Instrument Maintenance;Employee_1095;ID1095
Maintenance Area 7;Electrical & Instrument Maintenance;Employee_1096;ID1096
Maintenance Area 7;Electrical & Instrument Maintenance;Employee_1097;ID1097
Maintenance Area 7;Electrical & Instrument Maintenance;Employee_1098;ID1098
Maintenance Area 7;Electrical & Instrument Maintenance;Employee_1099;ID1099
Maintenance Area 7;Electrical & Instrument Maintenance;Employee_1100;ID1100
Maintenance Area 7;Electrical & Instrument Maintenance;Employee_1101;ID1101
Maintenance Area 7;Electrical & Instrument Maintenance;Employee_1102;ID1102
Maintenance Area 7;Electrical & Instrument Maintenance;Employee_1103;ID1103
Maintenance Area 7;Electrical & Instrument Maintenance;Employee_1104;ID1104
Maintenance Area 7;Electrical & Instrument Maintenance;Employee_1105;ID1105
Maintenance Area 7;Electrical & Instrument Maintenance;Employee_1106;ID1106
Maintenance Area 7;Electrical & Instrument Maintenance;Employee_1107;ID1107
Maintenance Area 7;Electrical & Instrument Maintenance;Employee_1108;ID1108
Maintenance Area 7;Electrical & Instrument Maintenance;Employee_1109;ID1109
Maintenance Area 7;Electrical & Instrument Maintenance;Employee_1110;ID1110
Maintenance Area 7;Electrical & Instrument Maintenance;Employee_1111;ID1111
Maintenance Area 7;Electrical & Instrument Maintenance;Employee_1112;ID1112
Workshop;Electrical & Instrument Maintenance;Employee_1113;ID1113
Workshop;Electrical & Instrument Maintenance;Employee_1114;ID1114
Workshop;Electrical & Instrument Maintenance;Employee_1115;ID1115
Workshop;Electrical & Instrument Maintenance;Employee_1116;ID1116
Workshop;Electrical & Instrument Maintenance;Employee_1117;ID1117
Workshop;Electrical & Instrument Maintenance;Employee_1118;ID1118
Workshop;Electrical & Instrument Maintenance;Employee_1119;ID1119
Workshop;Electrical & Instrument Maintenance;Employee_1120;ID1120
Workshop;Electrical & Instrument Maintenance;Employee_1121;ID1121
Workshop;Electrical & Instrument Maintenance;Employee_1122;ID1122
Workshop;Electrical & Instrument Maintenance;Employee_1123;ID1123
Workshop;Electrical & Instrument Maintenance;Employee_1124;ID1124
Workshop;Electrical & Instrument Maintenance;Employee_1125;ID1125
Workshop;Electrical & Instrument Maintenance;Employee_1126;ID1126
Workshop;Electrical & Instrument Maintenance;Employee_1127;ID1127
Workshop;Electrical & Instrument Maintenance;Employee_1128;ID1128
Workshop;Electrical & Instrument Maintenance;Employee_1129;ID1129
Workshop;Electrical & Instrument Maintenance;Employee_1130;ID1130
Workshop;Electrical & Instrument Maintenance;Employee_1131;ID1131
Workshop;Electrical & Instrument Maintenance;Employee_1132;ID1132
Workshop;Electrical & Instrument Maintenance;Employee_1133;ID1133
Workshop;Electrical & Instrument Maintenance;Employee_1134;ID1134
Workshop;Electrical & Instrument Maintenance;Employee_1135;ID1135
Workshop;Electrical & Instrument Maintenance;Employee_1136;ID1136
Workshop;Electrical & Instrument Maintenance;Employee_1137;ID1137
Workshop;Electrical & Instrument Maintenance;Employee_1138;ID1138
Workshop;Electrical & Instrument Maintenance;Employee_1139;ID1139
Workshop;Electrical & Instrument Maintenance;Employee_1140;ID1140
Workshop;Electrical & Instrument Maintenance;Employee_1141;ID1141
Workshop;Electrical & Instrument Maintenance;Employee_1142;ID1142
Workshop;Electrical & Instrument Maintenance;Employee_1143;ID1143
Workshop;Electrical & Instrument Maintenance;Employee_1144;ID1144
Workshop;Electrical & Instrument Maintenance;Employee_1145;ID1145
Workshop;Electrical & Instrument Maintenance;Employee_1146;ID1146
Workshop;Electrical & Instrument Maintenance;Employee_1147;ID1147
Workshop;Electrical & Instrument Maintenance;Employee_1148;ID1148
Workshop;Electrical & Instrument Maintenance;Employee_1149;ID1149
Turn Around;Shutdown & Major Maintenance;Employee_1150;ID1150
Turn Around Area-I;Shutdown & Major Maintenance;Employee_1151;ID1151
Turn Around Area-I;Shutdown & Major Maintenance;Employee_1152;ID1152
Turn Around Area-I;Shutdown & Major Maintenance;Employee_1153;ID1153
Turn Around Area-I;Shutdown & Major Maintenance;Employee_1154;ID1154
Turn Around Area-I;Shutdown & Major Maintenance;Employee_1155;ID1155
Turn Around Area-I;Shutdown & Major Maintenance;Employee_1156;ID1156
Turn Around Area-II;Shutdown & Major Maintenance;Employee_1157;ID1157
Turn Around Area-II;Shutdown & Major Maintenance;Employee_1158;ID1158
Turn Around Area-II;Shutdown & Major Maintenance;Employee_1159;ID1159
Turn Around Area-II;Shutdown & Major Maintenance;Employee_1160;ID1160
Turn Around Area-II;Shutdown & Major Maintenance;Employee_1161;ID1161
Equipment Overhaul;Shutdown & Major Maintenance;Employee_1162;ID1162
Equipment Overhaul;Shutdown & Major Maintenance;Employee_1163;ID1163
Equipment Overhaul;Shutdown & Major Maintenance;Employee_1164;ID1164
Equipment Overhaul;Shutdown & Major Maintenance;Employee_1165;ID1165
Equipment Overhaul;Shutdown & Major Maintenance;Employee_1166;ID1166
Equipment Overhaul;Shutdown & Major Maintenance;Employee_1167;ID1167
Equipment Overhaul;Shutdown & Major Maintenance;Employee_1168;ID1168
Scheduling Material & Service Support;Shutdown & Major Maintenance;Employee_1169;ID1169
Scheduling Material & Service Support;Shutdown & Major Maintenance;Employee_1170;ID1170
Scheduling Material & Service Support;Shutdown & Major Maintenance;Employee_1171;ID1171
Scheduling Material & Service Support;Shutdown & Major Maintenance;Employee_1172;ID1172
Engineering & Development;Engineering & Innovation;Employee_1173;ID1173
Engineering & Development;Engineering & Innovation;Employee_1174;ID1174
Engineering & Development;Engineering & Innovation;Employee_1175;ID1175
Laboratory;Engineering & Innovation;Employee_1176;ID1176
Laboratory;Engineering & Innovation;Employee_1177;ID1177
Laboratory;Engineering & Innovation;Employee_1178;ID1178
Laboratory;Engineering & Innovation;Employee_1179;ID1179
Laboratory;Engineering & Innovation;Employee_1180;ID1180
Laboratory;Engineering & Innovation;Employee_1181;ID1181
Laboratory;Engineering & Innovation;Employee_1182;ID1182
Laboratory;Engineering & Innovation;Employee_1183;ID1183
Laboratory;Engineering & Innovation;Employee_1184;ID1184
Laboratory;Engineering & Innovation;Employee_1185;ID1185
Laboratory;Engineering & Innovation;Employee_1186;ID1186
Laboratory;Engineering & Innovation;Employee_1187;ID1187
Laboratory;Engineering & Innovation;Employee_1188;ID1188
Laboratory;Engineering & Innovation;Employee_1189;ID1189
Laboratory;Engineering & Innovation;Employee_1190;ID1190
Laboratory;Engineering & Innovation;Employee_1191;ID1191
Laboratory;Engineering & Innovation;Employee_1192;ID1192
Laboratory;Engineering & Innovation;Employee_1193;ID1193
Laboratory;Engineering & Innovation;Employee_1194;ID1194
Laboratory;Engineering & Innovation;Employee_1195;ID1195
Laboratory;Engineering & Innovation;Employee_1196;ID1196
Laboratory;Engineering & Innovation;Employee_1197;ID1197
Laboratory;Engineering & Innovation;Employee_1198;ID1198
Laboratory;Engineering & Innovation;Employee_1199;ID1199
Laboratory;Engineering & Innovation;Employee_1200;ID1200
Laboratory;Engineering & Innovation;Employee_1201;ID1201
Laboratory;Engineering & Innovation;Employee_1202;ID1202
Laboratory;Engineering & Innovation;Employee_1203;ID1203
Laboratory;Engineering & Innovation;Employee_1204;ID1204
Laboratory;Engineering & Innovation;Employee_1205;ID1205
Laboratory;Engineering & Innovation;Employee_1206;ID1206
Laboratory;Engineering & Innovation;Employee_1207;ID1207
Laboratory;Engineering & Innovation;Employee_1208;ID1208
Laboratory;Engineering & Innovation;Employee_1209;ID1209
Laboratory;Engineering & Innovation;Employee_1210;ID1210
Laboratory;Engineering & Innovation;Employee_1211;ID1211
Laboratory;Engineering & Innovation;Employee_1212;ID1212
Laboratory;Engineering & Innovation;Employee_1213;ID1213
Laboratory;Engineering & Innovation;Employee_1214;ID1214
Laboratory;Engineering & Innovation;Employee_1215;ID1215
Laboratory;Engineering & Innovation;Employee_1216;ID1216
Laboratory;Engineering & Innovation;Employee_1217;ID1217
Laboratory;Engineering & Innovation;Employee_1218;ID1218
Laboratory;Engineering & Innovation;Employee_1219;ID1219
Laboratory;Engineering & Innovation;Employee_1220;ID1220
Laboratory;Engineering & Innovation;Employee_1221;ID1221
Laboratory;Engineering & Innovation;Employee_1222;ID1222
Laboratory;Engineering & Innovation;Employee_1223;ID1223
Laboratory;Engineering & Innovation;Employee_1224;ID1224
Laboratory;Engineering & Innovation;Employee_1225;ID1225
Laboratory;Engineering & Innovation;Employee_1226;ID1226
Laboratory;Engineering & Innovation;Employee_1227;ID1227
Laboratory;Engineering & Innovation;Employee_1228;ID1228
Laboratory;Engineering & Innovation;Employee_1229;ID1229
Laboratory;Engineering & Innovation;Employee_1230;ID1230
Laboratory;Engineering & Innovation;Employee_1231;ID1231
Laboratory;Engineering & Innovation;Employee_1232;ID1232
Laboratory;Engineering & Innovation;Employee_1233;ID1233
Laboratory;Engineering & Innovation;Employee_1234;ID1234
Laboratory;Engineering & Innovation;Employee_1235;ID1235
Laboratory;Engineering & Innovation;Employee_1236;ID1236
Laboratory;Engineering & Innovation;Employee_1237;ID1237
Laboratory;Engineering & Innovation;Employee_1238;ID1238
Laboratory;Engineering & Innovation;Employee_1239;ID1239
Laboratory;Engineering & Innovation;Employee_1240;ID1240
Laboratory;Engineering & Innovation;Employee_1241;ID1241
Laboratory;Engineering & Innovation;Employee_1242;ID1242
Laboratory;Engineering & Innovation;Employee_1243;ID1243
Laboratory;Engineering & Innovation;Employee_1244;ID1244
Laboratory;Engineering & Innovation;Employee_1245;ID1245
Laboratory;Engineering & Innovation;Employee_1246;ID1246
Laboratory;Engineering & Innovation;Employee_1247;ID1247
Laboratory;Engineering & Innovation;Employee_1248;ID1248
Laboratory;Engineering & Innovation;Employee_1249;ID1249
Laboratory;Engineering & Innovation;Employee_1250;ID1250
Laboratory;Engineering & Innovation;Employee_1251;ID1251
Laboratory;Engineering & Innovation;Employee_1252;ID1252
Laboratory;Engineering & Innovation;Employee_1253;ID1253
Laboratory;Engineering & Innovation;Employee_1254;ID1254
Laboratory;Engineering & Innovation;Employee_1255;ID1255
Laboratory;Engineering & Innovation;Employee_1256;ID1256
Laboratory;Engineering & Innovation;Employee_1257;ID1257
Laboratory;Engineering & Innovation;Employee_1258;ID1258
Laboratory;Engineering & Innovation;Employee_1259;ID1259
Laboratory;Engineering & Innovation;Employee_1260;ID1260
Laboratory;Engineering & Innovation;Employee_1261;ID1261
Laboratory;Engineering & Innovation;Employee_1262;ID1262
Laboratory;Engineering & Innovation;Employee_1263;ID1263
Laboratory;Engineering & Innovation;Employee_1264;ID1264
Laboratory;Engineering & Innovation;Employee_1265;ID1265
Laboratory;Engineering & Innovation;Employee_1266;ID1266
Laboratory;Engineering & Innovation;Employee_1267;ID1267
Laboratory;Engineering & Innovation;Employee_1268;ID1268
Laboratory;Engineering & Innovation;Employee_1269;ID1269
Laboratory;Engineering & Innovation;Employee_1270;ID1270
Process Engineering Area I;Engineering & Innovation;Employee_1271;ID1271
Process Engineering Area I;Engineering & Innovation;Employee_1272;ID1272
Process Engineering Area I;Engineering & Innovation;Employee_1273;ID1273
Process Engineering Area I;Engineering & Innovation;Employee_1274;ID1274
Process Engineering Area I;Engineering & Innovation;Employee_1275;ID1275
Process Engineering Area I;Engineering & Innovation;Employee_1276;ID1276
Process Engineering Area I;Engineering & Innovation;Employee_1277;ID1277
Process Engineering Area I;Engineering & Innovation;Employee_1278;ID1278
Process Engineering Area I;Engineering & Innovation;Employee_1279;ID1279
Process Engineering Area I;Engineering & Innovation;Employee_1280;ID1280
Process Engineering Area I;Engineering & Innovation;Employee_1281;ID1281
Process Engineering Area I;Engineering & Innovation;Employee_1282;ID1282
Process Engineering Area I;Engineering & Innovation;Employee_1283;ID1283
Process Engineering Area I;Engineering & Innovation;Employee_1284;ID1284
Process Engineering Area I;Engineering & Innovation;Employee_1285;ID1285
Process Engineering Area I;Engineering & Innovation;Employee_1286;ID1286
Process Engineering Area II;Engineering & Innovation;Employee_1287;ID1287
Process Engineering Area II;Engineering & Innovation;Employee_1288;ID1288
Process Engineering Area II;Engineering & Innovation;Employee_1289;ID1289
Process Engineering Area II;Engineering & Innovation;Employee_1290;ID1290
Process Engineering Area II;Engineering & Innovation;Employee_1291;ID1291
Process Engineering Area II;Engineering & Innovation;Employee_1292;ID1292
Process Engineering Area II;Engineering & Innovation;Employee_1293;ID1293
Process Engineering Area II;Engineering & Innovation;Employee_1294;ID1294
Process Engineering Area II;Engineering & Innovation;Employee_1295;ID1295
Process Engineering Area II;Engineering & Innovation;Employee_1296;ID1296
Process Engineering Area II;Engineering & Innovation;Employee_1297;ID1297
Process Engineering Area II;Engineering & Innovation;Employee_1298;ID1298
Process Engineering Area II;Engineering & Innovation;Employee_1299;ID1299
Process Engineering Area II;Engineering & Innovation;Employee_1300;ID1300
Process Engineering Area II;Engineering & Innovation;Employee_1301;ID1301
Process Engineering Area II;Engineering & Innovation;Employee_1302;ID1302
Process Engineering Area II;Engineering & Innovation;Employee_1303;ID1303
Project Engineering;Engineering & Innovation;Employee_1304;ID1304
Project Engineering;Engineering & Innovation;Employee_1305;ID1305
Project Engineering;Engineering & Innovation;Employee_1306;ID1306
Project Engineering;Engineering & Innovation;Employee_1307;ID1307
Project Engineering;Engineering & Innovation;Employee_1308;ID1308
Project Engineering;Engineering & Innovation;Employee_1309;ID1309
Project Engineering;Engineering & Innovation;Employee_1310;ID1310
Project Engineering;Engineering & Innovation;Employee_1311;ID1311
Project Engineering;Engineering & Innovation;Employee_1312;ID1312
Project Engineering;Engineering & Innovation;Employee_1313;ID1313
Project Engineering;Engineering & Innovation;Employee_1314;ID1314
Project Engineering;Engineering & Innovation;Employee_1315;ID1315
Project Engineering;Engineering & Innovation;Employee_1316;ID1316
Project Engineering;Engineering & Innovation;Employee_1317;ID1317
Project Engineering;Engineering & Innovation;Employee_1318;ID1318
Energy Con & Loss Control;Engineering & Innovation;Employee_1319;ID1319
Energy Con & Loss Control;Engineering & Innovation;Employee_1320;ID1320
Energy Con & Loss Control;Engineering & Innovation;Employee_1321;ID1321
Energy Con & Loss Control;Engineering & Innovation;Employee_1322;ID1322
Energy Con & Loss Control;Engineering & Innovation;Employee_1323;ID1323
Energy Con & Loss Control;Engineering & Innovation;Employee_1324;ID1324
Energy Con & Loss Control;Engineering & Innovation;Employee_1325;ID1325
Energy Con & Loss Control;Engineering & Innovation;Employee_1326;ID1326
Energy Con & Loss Control;Engineering & Innovation;Employee_1327;ID1327
Energy Con & Loss Control;Engineering & Innovation;Employee_1328;ID1328
Energy Con & Loss Control;Engineering & Innovation;Employee_1329;ID1329
Energy Con & Loss Control;Engineering & Innovation;Employee_1330;ID1330
Energy Con & Loss Control;Engineering & Innovation;Employee_1331;ID1331
Reliability;Asset Reliability Management;Employee_1332;ID1332
Asset Integrity;Asset Reliability Management;Employee_1333;ID1333
Equipment Reliability;Asset Reliability Management;Employee_1334;ID1334
Equipment Reliability;Asset Reliability Management;Employee_1335;ID1335
Equipment Reliability;Asset Reliability Management;Employee_1336;ID1336
Equipment Reliability;Asset Reliability Management;Employee_1337;ID1337
Equipment Reliability;Asset Reliability Management;Employee_1338;ID1338
Plant Reliability;Asset Reliability Management;Employee_1339;ID1339
Plant Reliability;Asset Reliability Management;Employee_1340;ID1340
Plant Reliability;Asset Reliability Management;Employee_1341;ID1341
OPI;Operational Performance Improvement;Employee_1342;ID1342
OPI;Operational Performance Improvement;Employee_1343;ID1343
OPI;Operational Performance Improvement;Employee_1344;ID1344
OPI;Operational Performance Improvement;Employee_1345;ID1345
OPI;Operational Performance Improvement;Employee_1346;ID1346
OPI;Operational Performance Improvement;Employee_1347;ID1347
OPI;Operational Performance Improvement;Employee_1348;ID1348
OPI;Operational Performance Improvement;Employee_1349;ID1349
HSSE;Health, Safety & Environment;Employee_1350;ID1350
Emergency & Insurance;Health, Safety & Environment;Employee_1351;ID1351
Emergency & Insurance;Health, Safety & Environment;Employee_1352;ID1352
Emergency & Insurance;Health, Safety & Environment;Employee_1353;ID1353
Emergency & Insurance;Health, Safety & Environment;Employee_1354;ID1354
Emergency & Insurance;Health, Safety & Environment;Employee_1355;ID1355
Emergency & Insurance;Health, Safety & Environment;Employee_1356;ID1356
Emergency & Insurance;Health, Safety & Environment;Employee_1357;ID1357
Emergency & Insurance;Health, Safety & Environment;Employee_1358;ID1358
Emergency & Insurance;Health, Safety & Environment;Employee_1359;ID1359
Emergency & Insurance;Health, Safety & Environment;Employee_1360;ID1360
Emergency & Insurance;Health, Safety & Environment;Employee_1361;ID1361
Emergency & Insurance;Health, Safety & Environment;Employee_1362;ID1362
Emergency & Insurance;Health, Safety & Environment;Employee_1363;ID1363
Emergency & Insurance;Health, Safety & Environment;Employee_1364;ID1364
Emergency & Insurance;Health, Safety & Environment;Employee_1365;ID1365
Emergency & Insurance;Health, Safety & Environment;Employee_1366;ID1366
Emergency & Insurance;Health, Safety & Environment;Employee_1367;ID1367
Emergency & Insurance;Health, Safety & Environment;Employee_1368;ID1368
Emergency & Insurance;Health, Safety & Environment;Employee_1369;ID1369
Emergency & Insurance;Health, Safety & Environment;Employee_1370;ID1370
Emergency & Insurance;Health, Safety & Environment;Employee_1371;ID1371
Emergency & Insurance;Health, Safety & Environment;Employee_1372;ID1372
Emergency & Insurance;Health, Safety & Environment;Employee_1373;ID1373
Emergency & Insurance;Health, Safety & Environment;Employee_1374;ID1374
Emergency & Insurance;Health, Safety & Environment;Employee_1375;ID1375
Emergency & Insurance;Health, Safety & Environment;Employee_1376;ID1376
Emergency & Insurance;Health, Safety & Environment;Employee_1377;ID1377
Emergency & Insurance;Health, Safety & Environment;Employee_1378;ID1378
Emergency & Insurance;Health, Safety & Environment;Employee_1379;ID1379
Emergency & Insurance;Health, Safety & Environment;Employee_1380;ID1380
Emergency & Insurance;Health, Safety & Environment;Employee_1381;ID1381
Safety;Health, Safety & Environment;Employee_1382;ID1382
Safety;Health, Safety & Environment;Employee_1383;ID1383
Safety;Health, Safety & Environment;Employee_1384;ID1384
Safety;Health, Safety & Environment;Employee_1385;ID1385
Safety;Health, Safety & Environment;Employee_1386;ID1386
Safety;Health, Safety & Environment;Employee_1387;ID1387
Safety;Health, Safety & Environment;Employee_1388;ID1388
Safety;Health, Safety & Environment;Employee_1389;ID1389
Environment;Health, Safety & Environment;Employee_1390;ID1390
Environment;Health, Safety & Environment;Employee_1391;ID1391
Environment;Health, Safety & Environment;Employee_1392;ID1392
Environment;Health, Safety & Environment;Employee_1393;ID1393
Environment;Health, Safety & Environment;Employee_1394;ID1394
Environment;Health, Safety & Environment;Employee_1395;ID1395
Health;Health, Safety & Environment;Employee_1396;ID1396
Health;Health, Safety & Environment;Employee_1397;ID1397
Health;Health, Safety & Environment;Employee_1398;ID1398
Health;Health, Safety & Environment;Employee_1399;ID1399
Health;Health, Safety & Environment;Employee_1400;ID1400
Security;Health, Safety & Environment;Employee_1401;ID1401
Security;Health, Safety & Environment;Employee_1402;ID1402
Security;Health, Safety & Environment;Employee_1403;ID1403
HSSE;Health, Safety & Environment;Employee_1404;ID1404
Procurement;Supply Chain & Procurement;Employee_1405;ID1405
Purchasing;Supply Chain & Procurement;Employee_1406;ID1406
Purchasing;Supply Chain & Procurement;Employee_1407;ID1407
Purchasing;Supply Chain & Procurement;Employee_1408;ID1408
Purchasing;Supply Chain & Procurement;Employee_1409;ID1409
Purchasing;Supply Chain & Procurement;Employee_1410;ID1410
Purchasing;Supply Chain & Procurement;Employee_1411;ID1411
Purchasing;Supply Chain & Procurement;Employee_1412;ID1412
Inventory Control;Supply Chain & Procurement;Employee_1413;ID1413
Inventory Control;Supply Chain & Procurement;Employee_1414;ID1414
Inventory Control;Supply Chain & Procurement;Employee_1415;ID1415
Inventory Control;Supply Chain & Procurement;Employee_1416;ID1416
Inventory Control;Supply Chain & Procurement;Employee_1417;ID1417
Inventory Control;Supply Chain & Procurement;Employee_1418;ID1418
Inventory Control;Supply Chain & Procurement;Employee_1419;ID1419
Inventory Control;Supply Chain & Procurement;Employee_1420;ID1420
Inventory Control;Supply Chain & Procurement;Employee_1421;ID1421
Contract Office;Supply Chain & Procurement;Employee_1422;ID1422
Contract Office;Supply Chain & Procurement;Employee_1423;ID1423
Contract Office;Supply Chain & Procurement;Employee_1424;ID1424
Contract Office;Supply Chain & Procurement;Employee_1425;ID1425
Contract Office;Supply Chain & Procurement;Employee_1426;ID1426
Contract Office;Supply Chain & Procurement;Employee_1427;ID1427
Contract Office;Supply Chain & Procurement;Employee_1428;ID1428
Contract Office;Supply Chain & Procurement;Employee_1429;ID1429
Contract Office;Supply Chain & Procurement;Employee_1430;ID1430
Contract Office;Supply Chain & Procurement;Employee_1431;ID1431
Contract Office;Supply Chain & Procurement;Employee_1432;ID1432
Warehousing;Supply Chain & Procurement;Employee_1433;ID1433
Warehousing;Supply Chain & Procurement;Employee_1434;ID1434
Warehousing;Supply Chain & Procurement;Employee_1435;ID1435
Warehousing;Supply Chain & Procurement;Employee_1436;ID1436
Warehousing;Supply Chain & Procurement;Employee_1437;ID1437
Warehousing;Supply Chain & Procurement;Employee_1438;ID1438
Warehousing;Supply Chain & Procurement;Employee_1439;ID1439
Finance;Finance & Accounting;Employee_1440;ID1440
Budgeting;Finance & Accounting;Employee_1441;ID1441
Budgeting;Finance & Accounting;Employee_1442;ID1442
Hydrocarbon Accounting;Finance & Accounting;Employee_1443;ID1443
Hydrocarbon Accounting;Finance & Accounting;Employee_1444;ID1444
Hydrocarbon Accounting;Finance & Accounting;Employee_1445;ID1445
Hydrocarbon Accounting;Finance & Accounting;Employee_1446;ID1446
Hydrocarbon Accounting;Finance & Accounting;Employee_1447;ID1447
Hydrocarbon Accounting;Finance & Accounting;Employee_1448;ID1448
Accounting & Reporting;Finance & Accounting;Employee_1449;ID1449
Accounting & Reporting;Finance & Accounting;Employee_1450;ID1450
Accounting & Reporting;Finance & Accounting;Employee_1451;ID1451
HC;Human Capital & Talent;Employee_1452;ID1452
Quality Management;Human Capital & Talent;Employee_1453;ID1453
Quality Management;Human Capital & Talent;Employee_1454;ID1454
HC Business Partner;Human Capital & Talent;Employee_1455;ID1455
HC Business Partner;Human Capital & Talent;Employee_1456;ID1456
HC Business Partner;Human Capital & Talent;Employee_1457;ID1457
Workforce Services;Human Capital & Talent;Employee_1458;ID1458
Workforce Services;Human Capital & Talent;Employee_1459;ID1459
General Support;Corporate Services;Employee_1460;ID1460
Legal Counsel;Corporate Services;Employee_1461;ID1461
Legal Counsel;Corporate Services;Employee_1462;ID1462
Legal Counsel;Corporate Services;Employee_1463;ID1463
Communication & Relation;Corporate Services;Employee_1464;ID1464
Communication & Relation;Corporate Services;Employee_1465;ID1465
Communication & Relation;Corporate Services;Employee_1466;ID1466
Asset Operation;Corporate Services;Employee_1467;ID1467
Asset Operation;Corporate Services;Employee_1468;ID1468
Asset Operation;Corporate Services;Employee_1469;ID1469
Asset Operation;Corporate Services;Employee_1470;ID1470
Asset Operation;Corporate Services;Employee_1471;ID1471
Asset Operation;Corporate Services;Employee_1472;ID1472
Asset Operation;Corporate Services;Employee_1473;ID1473
Risk Management;Enterprise Risk Management;Employee_1474;ID1474
Risk Management;Enterprise Risk Management;Employee_1475;ID1475
Risk Management;Enterprise Risk Management;Employee_1476;ID1476
IT;Information Technology Services;Employee_1477;ID1477
Planning & Resource Mgt.;Information Technology Services;Employee_1478;ID1478
IT Project;Information Technology Services;Employee_1479;ID1479
IT/OT Security;Information Technology Services;Employee_1480;ID1480
IT Operation;Information Technology Services;Employee_1481;ID1481
